Date,Expense,Type of Expense
2020-01-01,160,Food
2020-01-02,223,Rent
2020-01-02,163,Education
2020-01-03,89,Bike
2020-01-04,204,Insurance
2020-01-04,209,Car
2020-01-04,29,Savings
2020-01-05,128,Rent
2020-01-06,60,Savings
2020-01-07,17,Rent
2020-01-08,254,Car
2020-01-09,281,Bike
2020-01-09,86,Savings
2020-01-09,210,Insurance
2020-01-10,17,Education
2020-01-10,86,Car
2020-01-11,206,Education
2020-01-11,68,Bike
2020-01-12,99,Savings
2020-01-12,240,Food
2020-01-12,151,Insurance
2020-01-13,157,Education
2020-01-14,300,Insurance
2020-01-14,39,Insurance
2020-01-14,145,Savings
2020-01-15,172,Education
2020-01-16,115,Rent
2020-01-16,107,Rent
2020-01-17,99,Insurance
2020-01-18,83,Education
2020-01-18,141,Car
2020-01-18,147,Bike
2020-01-19,242,Savings
2020-01-20,171,Car
2020-01-20,153,Bike
2020-01-20,279,Food
2020-01-21,165,Food
2020-01-22,284,Bike
2020-01-22,145,Insurance
2020-01-23,151,Rent
2020-01-23,123,Bike
2020-01-23,208,Food
2020-01-24,201,Savings
2020-01-25,48,Rent
2020-01-25,93,Car
2020-01-25,147,Savings
2020-01-26,241,Savings
2020-01-26,145,Rent
2020-01-26,36,Insurance
2020-01-27,133,Bike
2020-01-28,225,Education
2020-01-28,257,Bike
2020-01-29,225,Car
2020-01-30,165,Car
2020-01-30,18,Bike
2020-01-30,102,Rent
2020-01-31,50,Education
2020-01-31,108,Bike
2020-01-31,250,Rent
2020-02-01,195,Education
2020-02-01,31,Education
2020-02-01,204,Car
2020-02-02,22,Education
2020-02-02,191,Car
2020-02-02,152,Insurance
2020-02-03,35,Car
2020-02-03,187,Education
2020-02-03,252,Rent
2020-02-04,67,Rent
2020-02-04,238,Education
2020-02-04,127,Bike
2020-02-05,215,Rent
2020-02-05,168,Rent
2020-02-06,249,Rent
2020-02-07,129,Car
2020-02-07,255,Car
2020-02-08,74,Insurance
2020-02-08,214,Bike
2020-02-08,193,Education
2020-02-09,167,Education
2020-02-09,253,Bike
2020-02-10,198,Food
2020-02-11,262,Car
2020-02-12,10,Bike
2020-02-12,17,Savings
2020-02-13,93,Rent
2020-02-14,270,Education
2020-02-14,243,Insurance
2020-02-14,83,Car
2020-02-15,61,Bike
2020-02-15,141,Car
2020-02-15,247,Rent
2020-02-16,285,Car
2020-02-16,235,Bike
2020-02-17,179,Savings
2020-02-18,270,Food
2020-02-18,60,Food
2020-02-19,21,Car
2020-02-19,19,Food
2020-02-20,174,Education
2020-02-20,194,Insurance
2020-02-21,274,Rent
2020-02-21,183,Bike
2020-02-22,187,Bike
2020-02-23,107,Car
2020-02-23,149,Bike
2020-02-23,259,Bike
2020-02-24,78,Car
2020-02-25,169,Car
2020-02-26,10,Education
2020-02-27,211,Insurance
2020-02-27,244,Education
2020-02-27,78,Education
2020-02-28,208,Savings
2020-02-28,108,Savings
2020-02-29,184,Car
2020-02-29,199,Bike
2020-03-01,203,Food
2020-03-01,194,Rent
2020-03-02,176,Education
2020-03-02,98,Education
2020-03-02,190,Car
2020-03-03,221,Insurance
2020-03-03,88,Insurance
2020-03-04,111,Savings
2020-03-04,96,Rent
2020-03-04,83,Savings
2020-03-05,120,Car
2020-03-06,235,Rent
2020-03-06,12,Bike
2020-03-07,14,Education
2020-03-07,92,Food
2020-03-08,289,Insurance
2020-03-08,255,Savings
2020-03-09,170,Bike
2020-03-09,175,Car
2020-03-09,149,Insurance
2020-03-10,206,Education
2020-03-10,287,Education
2020-03-10,118,Bike
2020-03-11,150,Savings
2020-03-11,70,Bike
2020-03-12,21,Car
2020-03-12,22,Food
2020-03-13,25,Bike
2020-03-13,81,Insurance
2020-03-13,120,Food
2020-03-14,251,Education
2020-03-14,116,Savings
2020-03-14,300,Rent
2020-03-15,282,Car
2020-03-15,185,Savings
2020-03-16,250,Food
2020-03-16,115,Education
2020-03-17,295,Insurance
2020-03-18,249,Savings
2020-03-18,93,Savings
2020-03-19,43,Insurance
2020-03-19,167,Insurance
2020-03-20,218,Food
2020-03-20,169,Bike
2020-03-20,168,Bike
2020-03-21,108,Insurance
2020-03-21,87,Food
2020-03-21,15,Education
2020-03-22,186,Food
2020-03-22,271,Savings
2020-03-22,89,Insurance
2020-03-23,87,Rent
2020-03-23,297,Bike
2020-03-23,46,Food
2020-03-24,31,Savings
2020-03-24,144,Savings
2020-03-24,173,Car
2020-03-25,87,Education
2020-03-25,181,Rent
2020-03-25,78,Insurance
2020-03-26,272,Food
2020-03-26,143,Rent
2020-03-27,265,Rent
2020-03-27,244,Car
2020-03-27,71,Food
2020-03-28,224,Car
2020-03-28,200,Food
2020-03-29,245,Insurance
2020-03-30,234,Bike
2020-03-31,28,Bike
2020-03-31,148,Education
2020-04-01,10,Savings
2020-04-01,108,Food
2020-04-01,268,Food
2020-04-02,142,Savings
2020-04-03,233,Insurance
2020-04-03,197,Car
2020-04-03,98,Education
2020-04-04,183,Rent
2020-04-05,225,Food
2020-04-06,155,Education
2020-04-06,66,Car
2020-04-06,244,Food
2020-04-07,283,Savings
2020-04-07,277,Savings
2020-04-07,63,Education
2020-04-08,238,Bike
2020-04-08,257,Food
2020-04-08,156,Rent
2020-04-09,265,Car
2020-04-09,38,Car
2020-04-09,43,Bike
2020-04-10,256,Bike
2020-04-11,158,Bike
2020-04-12,121,Bike
2020-04-13,64,Savings
2020-04-14,285,Savings
2020-04-14,161,Food
2020-04-15,97,Education
2020-04-15,179,Food
2020-04-16,187,Rent
2020-04-16,209,Car
2020-04-17,37,Rent
2020-04-17,68,Rent
2020-04-18,296,Car
2020-04-18,293,Savings
2020-04-18,233,Insurance
2020-04-19,151,Education
2020-04-19,76,Rent
2020-04-20,222,Insurance
2020-04-20,151,Savings
2020-04-21,24,Bike
2020-04-21,150,Food
2020-04-22,45,Car
2020-04-22,138,Education
2020-04-22,51,Education
2020-04-23,32,Rent
2020-04-23,289,Rent
2020-04-24,188,Rent
2020-04-25,234,Bike
2020-04-25,118,Education
2020-04-25,276,Rent
2020-04-26,13,Food
2020-04-27,197,Rent
2020-04-27,226,Savings
2020-04-28,43,Rent
2020-04-28,232,Bike
2020-04-29,294,Bike
2020-04-29,228,Savings
2020-04-29,38,Education
2020-04-30,212,Savings
2020-05-01,268,Rent
2020-05-01,85,Insurance
2020-05-01,142,Rent
2020-05-02,53,Rent
2020-05-03,25,Education
2020-05-04,17,Insurance
2020-05-05,251,Food
2020-05-05,175,Insurance
2020-05-06,287,Food
2020-05-06,141,Car
2020-05-07,163,Car
2020-05-07,231,Insurance
2020-05-08,143,Bike
2020-05-08,55,Insurance
2020-05-08,100,Savings
2020-05-09,154,Education
2020-05-09,94,Rent
2020-05-09,14,Savings
2020-05-10,219,Rent
2020-05-11,41,Rent
2020-05-12,283,Bike
2020-05-12,127,Car
2020-05-13,225,Food
2020-05-14,183,Car
2020-05-15,63,Education
2020-05-15,227,Insurance
2020-05-15,79,Savings
2020-05-16,29,Bike
2020-05-17,252,Car
2020-05-18,120,Insurance
2020-05-18,40,Savings
2020-05-18,54,Food
2020-05-19,195,Insurance
2020-05-19,180,Rent
2020-05-19,212,Car
2020-05-20,203,Car
2020-05-20,57,Insurance
2020-05-20,47,Savings
2020-05-21,262,Insurance
2020-05-21,300,Car
2020-05-21,198,Education
2020-05-22,269,Rent
2020-05-23,67,Rent
2020-05-23,249,Rent
2020-05-24,162,Education
2020-05-25,189,Insurance
2020-05-25,194,Insurance
2020-05-25,59,Food
2020-05-26,196,Insurance
2020-05-27,133,Food
2020-05-27,193,Bike
2020-05-27,64,Education
2020-05-28,205,Bike
2020-05-28,41,Car
2020-05-29,161,Savings
2020-05-29,137,Education
2020-05-29,260,Food
2020-05-30,254,Bike
2020-05-30,238,Savings
2020-05-31,241,Rent
2020-05-31,295,Food
2020-06-01,270,Food
2020-06-02,236,Rent
2020-06-03,163,Car
2020-06-03,47,Savings
2020-06-03,111,Education
2020-06-04,279,Education
2020-06-04,145,Car
2020-06-05,175,Savings
2020-06-05,254,Bike
2020-06-06,48,Food
2020-06-06,246,Insurance
2020-06-07,220,Car
2020-06-08,30,Insurance
2020-06-08,292,Education
2020-06-09,111,Food
2020-06-09,184,Rent
2020-06-10,195,Bike
2020-06-10,135,Bike
2020-06-11,160,Insurance
2020-06-11,63,Rent
2020-06-12,233,Savings
2020-06-12,266,Food
2020-06-13,44,Car
2020-06-13,131,Insurance
2020-06-14,290,Insurance
2020-06-15,141,Car
2020-06-15,61,Education
2020-06-16,77,Rent
2020-06-16,155,Rent
2020-06-17,171,Car
2020-06-17,16,Bike
2020-06-18,124,Car
2020-06-18,149,Rent
2020-06-19,153,Food
2020-06-19,209,Food
2020-06-19,217,Education
2020-06-20,102,Savings
2020-06-20,134,Education
2020-06-20,219,Insurance
2020-06-21,189,Car
2020-06-21,74,Rent
2020-06-21,35,Car
2020-06-22,107,Insurance
2020-06-23,206,Insurance
2020-06-23,147,Bike
2020-06-24,187,Food
2020-06-24,26,Bike
2020-06-24,206,Food
2020-06-25,120,Car
2020-06-26,119,Education
2020-06-26,99,Savings
2020-06-26,92,Car
2020-06-27,193,Bike
2020-06-28,133,Education
2020-06-29,78,Food
2020-06-29,226,Bike
2020-06-30,231,Car
2020-07-01,293,Food
2020-07-01,238,Rent
2020-07-02,143,Rent
2020-07-03,171,Rent
2020-07-03,142,Education
2020-07-04,230,Food
2020-07-05,259,Education
2020-07-06,107,Education
2020-07-06,254,Rent
2020-07-06,229,Food
2020-07-07,205,Bike
2020-07-08,193,Education
2020-07-08,223,Food
2020-07-09,188,Education
2020-07-09,219,Rent
2020-07-09,223,Education
2020-07-10,157,Food
2020-07-10,59,Bike
2020-07-11,208,Savings
2020-07-11,38,Insurance
2020-07-12,226,Food
2020-07-12,215,Rent
2020-07-13,269,Savings
2020-07-14,81,Rent
2020-07-15,90,Savings
2020-07-16,70,Car
2020-07-16,166,Insurance
2020-07-17,116,Savings
2020-07-17,133,Rent
2020-07-17,294,Food
2020-07-18,77,Rent
2020-07-19,61,Rent
2020-07-19,223,Education
2020-07-19,58,Car
2020-07-20,89,Insurance
2020-07-20,260,Rent
2020-07-20,104,Insurance
2020-07-21,252,Car
2020-07-22,234,Car
2020-07-22,274,Education
2020-07-23,230,Bike
2020-07-24,69,Food
2020-07-24,70,Savings
2020-07-25,164,Education
2020-07-26,258,Rent
2020-07-26,113,Car
2020-07-27,160,Rent
2020-07-28,129,Education
2020-07-28,150,Bike
2020-07-28,231,Insurance
2020-07-29,231,Rent
2020-07-29,37,Insurance
2020-07-29,78,Savings
2020-07-30,158,Car
2020-07-30,43,Rent
2020-07-30,33,Food
2020-07-31,45,Food
2020-07-31,114,Rent
2020-08-01,199,Education
2020-08-01,103,Savings
2020-08-01,14,Bike
2020-08-02,185,Car
2020-08-02,68,Insurance
2020-08-02,128,Food
2020-08-03,94,Education
2020-08-03,259,Rent
2020-08-03,195,Education
2020-08-04,32,Insurance
2020-08-04,122,Education
2020-08-04,31,Rent
2020-08-05,27,Savings
2020-08-05,293,Rent
2020-08-06,181,Car
2020-08-06,254,Car
2020-08-06,237,Rent
2020-08-07,111,Food
2020-08-07,95,Food
2020-08-07,128,Food
2020-08-08,194,Bike
2020-08-09,34,Education
2020-08-10,106,Education
2020-08-10,81,Savings
2020-08-11,262,Insurance
2020-08-11,240,Insurance
2020-08-11,238,Insurance
2020-08-12,220,Food
2020-08-13,227,Car
2020-08-13,53,Rent
2020-08-13,258,Car
2020-08-14,268,Bike
2020-08-15,103,Car
2020-08-15,148,Rent
2020-08-15,147,Bike
2020-08-16,269,Car
2020-08-17,117,Education
2020-08-17,18,Food
2020-08-18,254,Food
2020-08-19,278,Food
2020-08-19,249,Food
2020-08-19,11,Insurance
2020-08-20,235,Food
2020-08-20,238,Education
2020-08-20,11,Rent
2020-08-21,288,Food
2020-08-21,25,Car
2020-08-21,95,Education
2020-08-22,188,Insurance
2020-08-22,154,Bike
2020-08-22,14,Rent
2020-08-23,214,Rent
2020-08-23,189,Insurance
2020-08-24,90,Food
2020-08-25,122,Rent
2020-08-25,161,Food
2020-08-26,217,Bike
2020-08-26,241,Food
2020-08-26,228,Car
2020-08-27,182,Food
2020-08-27,269,Insurance
2020-08-27,23,Car
2020-08-28,36,Education
2020-08-29,216,Food
2020-08-30,109,Savings
2020-08-30,122,Savings
2020-08-31,203,Bike
2020-08-31,214,Insurance
2020-08-31,33,Food
2020-09-01,44,Food
2020-09-01,69,Bike
2020-09-01,271,Rent
2020-09-02,212,Rent
2020-09-02,157,Education
2020-09-02,208,Savings
2020-09-03,207,Insurance
2020-09-04,64,Insurance
2020-09-04,258,Bike
2020-09-05,38,Insurance
2020-09-06,123,Education
2020-09-06,11,Food
2020-09-06,205,Savings
2020-09-07,257,Education
2020-09-07,233,Rent
2020-09-08,78,Insurance
2020-09-08,218,Education
2020-09-09,113,Food
2020-09-09,11,Bike
2020-09-10,105,Bike
2020-09-10,252,Rent
2020-09-11,48,Food
2020-09-11,61,Car
2020-09-12,261,Car
2020-09-13,25,Rent
2020-09-13,135,Food
2020-09-14,172,Food
2020-09-15,275,Bike
2020-09-15,79,Education
2020-09-16,264,Insurance
2020-09-16,226,Savings
2020-09-16,23,Insurance
2020-09-17,115,Insurance
2020-09-18,263,Savings
2020-09-19,86,Education
2020-09-20,168,Food
2020-09-20,278,Food
2020-09-20,36,Car
2020-09-21,140,Bike
2020-09-21,148,Bike
2020-09-21,74,Food
2020-09-22,187,Insurance
2020-09-23,137,Bike
2020-09-23,20,Car
2020-09-24,170,Food
2020-09-25,247,Savings
2020-09-26,118,Education
2020-09-26,91,Insurance
2020-09-27,56,Insurance
2020-09-27,175,Savings
2020-09-28,146,Savings
2020-09-28,106,Bike
2020-09-29,255,Savings
2020-09-29,84,Car
2020-09-30,83,Car
2020-09-30,152,Rent
2020-10-01,250,Bike
2020-10-02,193,Education
2020-10-02,149,Car
2020-10-03,256,Bike
2020-10-04,15,Bike
2020-10-04,94,Education
2020-10-04,257,Savings
2020-10-05,236,Bike
2020-10-06,247,Education
2020-10-06,160,Savings
2020-10-07,254,Bike
2020-10-07,220,Bike
2020-10-07,300,Insurance
2020-10-08,245,Savings
2020-10-08,265,Insurance
2020-10-09,228,Bike
2020-10-09,142,Car
2020-10-09,28,Education
2020-10-10,298,Savings
2020-10-11,257,Bike
2020-10-12,234,Education
2020-10-13,63,Car
2020-10-13,55,Savings
2020-10-13,288,Insurance
2020-10-14,46,Food
2020-10-15,234,Food
2020-10-15,90,Education
2020-10-15,253,Rent
2020-10-16,75,Savings
2020-10-16,130,Education
2020-10-17,65,Rent
2020-10-17,287,Savings
2020-10-17,217,Savings
2020-10-18,148,Food
2020-10-18,170,Rent
2020-10-18,77,Rent
2020-10-19,154,Savings
2020-10-19,129,Bike
2020-10-20,264,Savings
2020-10-20,34,Car
2020-10-20,218,Food
2020-10-21,213,Bike
2020-10-22,85,Bike
2020-10-22,277,Rent
2020-10-22,70,Food
2020-10-23,13,Bike
2020-10-24,220,Bike
2020-10-25,281,Car
2020-10-26,52,Insurance
2020-10-26,191,Savings
2020-10-27,107,Education
2020-10-27,52,Car
2020-10-28,93,Education
2020-10-28,11,Savings
2020-10-28,196,Bike
2020-10-29,27,Food
2020-10-29,101,Rent
2020-10-30,116,Bike
2020-10-30,70,Food
2020-10-31,77,Car
2020-10-31,135,Rent
2020-10-31,282,Car
2020-11-01,66,Bike
2020-11-01,187,Insurance
2020-11-01,296,Food
2020-11-02,166,Education
2020-11-02,117,Education
2020-11-03,92,Insurance
2020-11-04,243,Insurance
2020-11-05,248,Car
2020-11-05,48,Car
2020-11-06,33,Rent
2020-11-07,77,Bike
2020-11-07,82,Bike
2020-11-08,105,Food
2020-11-08,145,Savings
2020-11-08,80,Insurance
2020-11-09,253,Food
2020-11-09,138,Car
2020-11-09,191,Car
2020-11-10,147,Food
2020-11-10,241,Savings
2020-11-10,131,Insurance
2020-11-11,131,Savings
2020-11-11,231,Rent
2020-11-12,28,Insurance
2020-11-13,289,Bike
2020-11-13,171,Car
2020-11-13,204,Education
2020-11-14,166,Bike
2020-11-14,219,Savings
2020-11-14,143,Food
2020-11-15,36,Bike
2020-11-16,215,Education
2020-11-16,199,Car
2020-11-16,152,Savings
2020-11-17,253,Car
2020-11-17,203,Bike
2020-11-17,192,Rent
2020-11-18,166,Savings
2020-11-18,69,Car
2020-11-19,130,Savings
2020-11-19,177,Food
2020-11-20,225,Bike
2020-11-20,97,Savings
2020-11-20,285,Bike
2020-11-21,211,Food
2020-11-21,244,Education
2020-11-22,201,Education
2020-11-22,141,Insurance
2020-11-23,219,Education
2020-11-23,40,Education
2020-11-24,120,Food
2020-11-25,297,Car
2020-11-25,91,Food
2020-11-26,55,Bike
2020-11-27,128,Education
2020-11-27,113,Car
2020-11-27,46,Bike
2020-11-28,79,Education
2020-11-28,222,Savings
2020-11-28,116,Rent
2020-11-29,190,Rent
2020-11-29,229,Car
2020-11-30,131,Rent
2020-12-01,19,Car
2020-12-01,100,Bike
2020-12-02,300,Savings
2020-12-02,284,Savings
2020-12-03,124,Rent
2020-12-03,239,Rent
2020-12-04,96,Bike
2020-12-04,49,Bike
2020-12-05,251,Bike
2020-12-06,63,Savings
2020-12-06,146,Food
2020-12-07,212,Savings
2020-12-07,286,Insurance
2020-12-07,29,Rent
2020-12-08,124,Education
2020-12-08,49,Rent
2020-12-08,89,Bike
2020-12-09,157,Rent
2020-12-10,172,Food
2020-12-10,220,Car
2020-12-10,259,Savings
2020-12-11,52,Rent
2020-12-12,287,Food
2020-12-12,286,Food
2020-12-12,266,Savings
2020-12-13,14,Car
2020-12-13,288,Car
2020-12-13,124,Savings
2020-12-14,157,Education
2020-12-15,172,Education
2020-12-15,265,Savings
2020-12-16,63,Savings
2020-12-17,14,Bike
2020-12-18,127,Bike
2020-12-19,139,Savings
2020-12-19,160,Bike
2020-12-19,226,Food
2020-12-20,95,Savings
2020-12-20,17,Rent
2020-12-20,178,Insurance
2020-12-21,129,Food
2020-12-22,119,Savings
2020-12-22,145,Rent
2020-12-22,271,Food
2020-12-23,128,Car
2020-12-23,30,Savings
2020-12-23,81,Education
2020-12-24,109,Insurance
2020-12-24,171,Savings
2020-12-24,165,Savings
2020-12-25,10,Education
2020-12-26,112,Savings
2020-12-27,278,Car
2020-12-27,145,Rent
2020-12-28,171,Insurance
2020-12-28,213,Car
2020-12-29,239,Rent
2020-12-29,216,Bike
2020-12-29,256,Insurance
2020-12-30,292,Insurance
2020-12-30,80,Bike
2020-12-30,224,Insurance
2020-12-31,287,Savings
2020-12-31,213,Education
2020-12-31,108,Education
2021-01-01,152,Education
2021-01-01,67,Bike
2021-01-01,230,Car
2021-01-02,98,Insurance
2021-01-03,121,Bike
2021-01-03,171,Food
2021-01-04,63,Insurance
2021-01-04,145,Rent
2021-01-05,189,Food
2021-01-05,175,Savings
2021-01-06,92,Food
2021-01-06,141,Food
2021-01-06,205,Education
2021-01-07,203,Savings
2021-01-07,112,Savings
2021-01-07,93,Bike
2021-01-08,21,Car
2021-01-09,267,Car
2021-01-10,86,Bike
2021-01-10,60,Car
2021-01-11,83,Education
2021-01-12,203,Bike
2021-01-13,80,Bike
2021-01-14,63,Food
2021-01-15,200,Rent
2021-01-15,243,Savings
2021-01-15,186,Food
2021-01-16,119,Rent
2021-01-16,155,Rent
2021-01-17,108,Insurance
2021-01-17,283,Savings
2021-01-18,69,Bike
2021-01-18,44,Education
2021-01-18,272,Food
2021-01-19,58,Bike
2021-01-20,157,Car
2021-01-20,115,Food
2021-01-20,189,Savings
2021-01-21,152,Bike
2021-01-22,90,Savings
2021-01-23,263,Rent
2021-01-23,17,Education
2021-01-23,294,Car
2021-01-24,169,Rent
2021-01-24,211,Insurance
2021-01-24,226,Rent
2021-01-25,280,Rent
2021-01-26,153,Car
2021-01-27,84,Car
2021-01-27,164,Car
2021-01-27,249,Rent
2021-01-28,229,Education
2021-01-28,271,Insurance
2021-01-29,64,Education
2021-01-30,72,Savings
2021-01-31,146,Bike
2021-02-01,128,Rent
2021-02-02,99,Bike
2021-02-02,185,Food
2021-02-02,134,Insurance
2021-02-03,213,Food
2021-02-04,195,Bike
2021-02-04,235,Car
2021-02-04,258,Insurance
2021-02-05,222,Food
2021-02-06,27,Bike
2021-02-06,233,Food
2021-02-07,180,Bike
2021-02-07,68,Bike
2021-02-08,214,Car
2021-02-09,173,Rent
2021-02-09,146,Car
2021-02-09,43,Rent
2021-02-10,246,Savings
2021-02-10,239,Food
2021-02-11,96,Bike
2021-02-11,282,Education
2021-02-11,87,Bike
2021-02-12,268,Education
2021-02-12,274,Food
2021-02-12,86,Car
2021-02-13,79,Savings
2021-02-13,170,Insurance
2021-02-14,104,Bike
2021-02-15,35,Insurance
2021-02-16,27,Savings
2021-02-16,170,Rent
2021-02-16,198,Food
2021-02-17,104,Car
2021-02-18,115,Car
2021-02-19,46,Rent
2021-02-19,56,Savings
2021-02-20,20,Savings
2021-02-20,205,Education
2021-02-20,274,Car
2021-02-21,281,Rent
2021-02-22,197,Insurance
2021-02-22,158,Education
2021-02-22,210,Education
2021-02-23,60,Car
2021-02-24,244,Insurance
2021-02-24,36,Insurance
2021-02-25,246,Food
2021-02-25,263,Savings
2021-02-25,167,Bike
2021-02-26,99,Bike
2021-02-27,202,Car
2021-02-28,92,Bike
2021-02-28,167,Food
2021-03-01,177,Rent
2021-03-01,119,Insurance
2021-03-02,53,Insurance
2021-03-02,112,Education
2021-03-02,250,Education
2021-03-03,116,Bike
2021-03-04,130,Rent
2021-03-05,90,Education
2021-03-05,210,Rent
2021-03-06,86,Education
2021-03-06,219,Insurance
2021-03-07,125,Rent
2021-03-07,206,Education
2021-03-07,14,Insurance
2021-03-08,206,Education
2021-03-08,132,Insurance
2021-03-09,89,Food
2021-03-10,147,Insurance
2021-03-11,46,Insurance
2021-03-11,28,Car
2021-03-11,286,Education
2021-03-12,79,Food
2021-03-12,273,Rent
2021-03-12,16,Rent
2021-03-13,84,Education
2021-03-13,166,Education
2021-03-13,22,Car
2021-03-14,151,Bike
2021-03-14,62,Food
2021-03-14,72,Food
2021-03-15,185,Insurance
2021-03-15,206,Savings
2021-03-16,294,Bike
2021-03-16,223,Food
2021-03-17,139,Bike
2021-03-18,217,Education
2021-03-18,114,Car
2021-03-18,167,Education
2021-03-19,158,Savings
2021-03-19,207,Food
2021-03-20,253,Rent
2021-03-21,207,Bike
2021-03-21,267,Insurance
2021-03-21,188,Insurance
2021-03-22,141,Education
2021-03-22,208,Savings
2021-03-22,201,Bike
2021-03-23,137,Food
2021-03-24,112,Bike
2021-03-24,109,Food
2021-03-24,293,Savings
2021-03-25,186,Education
2021-03-25,180,Insurance
2021-03-25,106,Bike
2021-03-26,66,Rent
2021-03-26,284,Education
2021-03-27,219,Savings
2021-03-28,77,Savings
2021-03-28,231,Bike
2021-03-28,39,Bike
2021-03-29,136,Insurance
2021-03-30,117,Car
2021-03-31,208,Food
2021-04-01,291,Rent
2021-04-02,254,Car
2021-04-03,116,Education
2021-04-04,300,Insurance
2021-04-05,212,Insurance
2021-04-05,35,Education
2021-04-05,63,Bike
2021-04-06,131,Education
2021-04-06,270,Insurance
2021-04-06,188,Insurance
2021-04-07,222,Insurance
2021-04-07,163,Savings
2021-04-07,32,Rent
2021-04-08,36,Education
2021-04-08,233,Rent
2021-04-08,183,Insurance
2021-04-09,188,Car
2021-04-09,68,Education
2021-04-09,209,Food
2021-04-10,136,Car
2021-04-11,22,Food
2021-04-11,219,Education
2021-04-11,145,Insurance
2021-04-12,206,Bike
2021-04-12,152,Bike
2021-04-12,211,Food
2021-04-13,223,Food
2021-04-14,271,Insurance
2021-04-14,48,Education
2021-04-14,255,Insurance
2021-04-15,249,Bike
2021-04-16,273,Education
2021-04-17,93,Insurance
2021-04-18,262,Bike
2021-04-18,136,Rent
2021-04-18,223,Bike
2021-04-19,74,Insurance
2021-04-20,128,Rent
2021-04-20,81,Savings
2021-04-20,70,Bike
2021-04-21,259,Insurance
2021-04-22,39,Rent
2021-04-22,93,Bike
2021-04-22,83,Car
2021-04-23,97,Savings
2021-04-23,184,Savings
2021-04-24,138,Education
2021-04-24,202,Insurance
2021-04-24,112,Food
2021-04-25,244,Bike
2021-04-26,47,Rent
2021-04-26,135,Rent
2021-04-27,86,Car
2021-04-27,172,Food
2021-04-28,211,Savings
2021-04-28,159,Car
2021-04-28,85,Rent
2021-04-29,136,Food
2021-04-30,256,Insurance
2021-04-30,221,Education
2021-05-01,107,Bike
2021-05-02,213,Education
2021-05-02,132,Savings
2021-05-02,132,Insurance
2021-05-03,231,Insurance
2021-05-03,76,Car
2021-05-04,215,Food
2021-05-04,207,Bike
2021-05-05,167,Food
2021-05-05,271,Savings
2021-05-05,181,Food
2021-05-06,61,Car
2021-05-07,204,Rent
2021-05-08,115,Insurance
2021-05-09,54,Education
2021-05-10,226,Food
2021-05-10,16,Food
2021-05-10,224,Insurance
2021-05-11,155,Bike
2021-05-11,34,Bike
2021-05-12,137,Bike
2021-05-12,272,Car
2021-05-12,79,Savings
2021-05-13,130,Car
2021-05-14,104,Insurance
2021-05-15,227,Car
2021-05-15,182,Food
2021-05-15,201,Savings
2021-05-16,165,Insurance
2021-05-16,43,Insurance
2021-05-17,268,Education
2021-05-17,45,Rent
2021-05-18,54,Education
2021-05-19,117,Savings
2021-05-20,72,Bike
2021-05-21,134,Education
2021-05-21,67,Rent
2021-05-22,257,Insurance
2021-05-23,45,Savings
2021-05-24,164,Education
2021-05-24,156,Rent
2021-05-25,174,Savings
2021-05-25,212,Education
2021-05-25,74,Bike
2021-05-26,256,Car
2021-05-26,143,Food
2021-05-27,192,Car
2021-05-27,156,Education
2021-05-27,50,Rent
2021-05-28,282,Savings
2021-05-28,95,Rent
2021-05-28,121,Car
2021-05-29,208,Car
2021-05-30,85,Insurance
2021-05-31,243,Rent
2021-05-31,261,Education
2021-06-01,261,Food
2021-06-01,190,Insurance
2021-06-01,47,Car
2021-06-02,176,Rent
2021-06-02,18,Food
2021-06-03,22,Car
2021-06-03,60,Food
2021-06-03,34,Food
2021-06-04,106,Rent
2021-06-04,216,Rent
2021-06-05,80,Education
2021-06-06,46,Insurance
2021-06-06,177,Education
2021-06-06,155,Education
2021-06-07,89,Insurance
2021-06-08,135,Bike
2021-06-08,99,Food
2021-06-09,267,Rent
2021-06-09,205,Food
2021-06-10,78,Insurance
2021-06-11,10,Car
2021-06-12,269,Food
2021-06-12,234,Bike
2021-06-13,285,Insurance
2021-06-14,118,Bike
2021-06-14,256,Rent
2021-06-15,164,Food
2021-06-16,218,Bike
2021-06-17,237,Car
2021-06-17,73,Bike
2021-06-18,294,Insurance
2021-06-18,105,Education
2021-06-18,24,Education
2021-06-19,95,Insurance
2021-06-19,94,Car
2021-06-19,158,Rent
2021-06-20,112,Education
2021-06-20,251,Car
2021-06-21,126,Rent
2021-06-22,83,Food
2021-06-22,241,Car
2021-06-23,213,Rent
2021-06-24,18,Rent
2021-06-24,276,Rent
2021-06-24,127,Bike
2021-06-25,145,Savings
2021-06-25,218,Bike
2021-06-25,30,Education
2021-06-26,162,Car
2021-06-26,261,Rent
2021-06-27,79,Insurance
2021-06-27,252,Insurance
2021-06-28,214,Rent
2021-06-28,95,Savings
2021-06-28,157,Rent
2021-06-29,267,Rent
2021-06-30,50,Bike
2021-07-01,102,Food
2021-07-01,34,Insurance
2021-07-02,152,Savings
2021-07-02,133,Bike
2021-07-02,14,Food
2021-07-03,169,Rent
2021-07-04,222,Insurance
2021-07-04,98,Bike
2021-07-05,217,Bike
2021-07-06,237,Rent
2021-07-07,111,Bike
2021-07-08,196,Rent
2021-07-09,172,Food
2021-07-10,121,Insurance
2021-07-10,212,Bike
2021-07-10,193,Bike
2021-07-11,230,Education
2021-07-12,165,Food
2021-07-12,226,Car
2021-07-13,111,Insurance
2021-07-13,199,Car
2021-07-13,39,Food
2021-07-14,260,Rent
2021-07-14,218,Food
2021-07-14,84,Rent
2021-07-15,96,Car
2021-07-15,153,Savings
2021-07-15,153,Car
2021-07-16,179,Bike
2021-07-16,40,Food
2021-07-17,124,Rent
2021-07-18,186,Savings
2021-07-18,50,Bike
2021-07-18,19,Insurance
2021-07-19,267,Rent
2021-07-19,171,Insurance
2021-07-20,47,Savings
2021-07-20,40,Rent
2021-07-21,74,Savings
2021-07-21,230,Savings
2021-07-22,97,Food
2021-07-22,213,Savings
2021-07-23,176,Education
2021-07-23,243,Savings
2021-07-24,172,Car
2021-07-24,71,Food
2021-07-25,26,Food
2021-07-25,270,Rent
2021-07-26,276,Food
2021-07-26,180,Food
2021-07-27,290,Car
2021-07-27,79,Food
2021-07-28,91,Bike
2021-07-28,157,Food
2021-07-28,178,Rent
2021-07-29,126,Bike
2021-07-29,164,Bike
2021-07-29,248,Car
2021-07-30,149,Education
2021-07-31,34,Bike
2021-08-01,197,Education
2021-08-01,89,Savings
2021-08-01,149,Food
2021-08-02,193,Insurance
2021-08-02,52,Food
2021-08-02,54,Rent
2021-08-03,79,Rent
2021-08-04,150,Bike
2021-08-05,156,Food
2021-08-05,29,Savings
2021-08-05,15,Car
2021-08-06,49,Bike
2021-08-06,84,Food
2021-08-07,133,Education
2021-08-07,267,Food
2021-08-08,82,Savings
2021-08-09,68,Car
2021-08-09,85,Food
2021-08-09,219,Insurance
2021-08-10,122,Education
2021-08-11,231,Bike
2021-08-11,192,Education
2021-08-11,80,Bike
2021-08-12,212,Education
2021-08-13,54,Bike
2021-08-13,274,Rent
2021-08-14,128,Bike
2021-08-15,281,Bike
2021-08-16,203,Insurance
2021-08-17,142,Car
2021-08-17,230,Education
2021-08-18,118,Bike
2021-08-18,135,Bike
2021-08-19,222,Rent
2021-08-19,45,Car
2021-08-20,196,Rent
2021-08-20,116,Rent
2021-08-20,266,Education
2021-08-21,228,Food
2021-08-21,183,Rent
2021-08-22,237,Car
2021-08-23,60,Bike
2021-08-24,235,Rent
2021-08-24,18,Rent
2021-08-25,264,Savings
2021-08-25,10,Education
2021-08-26,269,Savings
2021-08-26,212,Insurance
2021-08-26,96,Savings
2021-08-27,65,Rent
2021-08-27,139,Insurance
2021-08-28,82,Education
2021-08-28,292,Food
2021-08-29,238,Bike
2021-08-29,276,Food
2021-08-30,20,Insurance
2021-08-31,96,Rent
2021-08-31,222,Rent
2021-09-01,11,Savings
2021-09-02,256,Insurance
2021-09-02,187,Car
2021-09-03,41,Bike
2021-09-03,294,Savings
2021-09-03,217,Savings
2021-09-04,117,Food
2021-09-04,275,Food
2021-09-04,292,Food
2021-09-05,13,Education
2021-09-06,248,Car
2021-09-07,161,Insurance
2021-09-07,48,Food
2021-09-08,53,Car
2021-09-09,209,Bike
2021-09-10,208,Bike
2021-09-10,260,Bike
2021-09-11,187,Insurance
2021-09-11,230,Car
2021-09-12,217,Rent
2021-09-12,78,Education
2021-09-12,144,Bike
2021-09-13,211,Car
2021-09-13,162,Rent
2021-09-14,68,Car
2021-09-14,206,Rent
2021-09-15,223,Bike
2021-09-15,292,Education
2021-09-15,68,Food
2021-09-16,145,Bike
2021-09-16,204,Insurance
2021-09-16,300,Insurance
2021-09-17,133,Rent
2021-09-18,135,Savings
2021-09-19,173,Savings
2021-09-19,262,Rent
2021-09-20,147,Education
2021-09-20,61,Insurance
2021-09-21,71,Food
2021-09-21,167,Savings
2021-09-21,99,Rent
2021-09-22,28,Savings
2021-09-22,92,Savings
2021-09-22,195,Education
2021-09-23,282,Rent
2021-09-23,234,Rent
2021-09-23,292,Bike
2021-09-24,52,Rent
2021-09-24,101,Education
2021-09-25,207,Insurance
2021-09-25,114,Savings
2021-09-26,274,Bike
2021-09-27,31,Rent
2021-09-28,186,Education
2021-09-28,61,Education
2021-09-28,31,Savings
2021-09-29,126,Savings
2021-09-29,124,Savings
2021-09-29,94,Education
2021-09-30,163,Education
2021-09-30,26,Food
2021-10-01,71,Education
2021-10-01,30,Food
2021-10-02,85,Car
2021-10-02,205,Food
2021-10-03,294,Bike
2021-10-03,147,Bike
2021-10-03,284,Education
2021-10-04,245,Savings
2021-10-05,58,Savings
2021-10-05,85,Insurance
2021-10-06,141,Savings
2021-10-06,71,Car
2021-10-06,207,Car
2021-10-07,149,Education
2021-10-07,238,Savings
2021-10-07,149,Car
2021-10-08,17,Food
2021-10-08,28,Savings
2021-10-08,73,Car
2021-10-09,27,Education
2021-10-10,63,Bike
2021-10-10,48,Savings
2021-10-11,233,Food
2021-10-11,11,Savings
2021-10-11,269,Bike
2021-10-12,237,Insurance
2021-10-12,185,Car
2021-10-12,14,Education
2021-10-13,282,Insurance
2021-10-13,166,Rent
2021-10-14,268,Bike
2021-10-14,139,Food
2021-10-15,21,Car
2021-10-15,59,Rent
2021-10-16,14,Car
2021-10-16,150,Car
2021-10-17,30,Bike
2021-10-17,169,Rent
2021-10-17,252,Car
2021-10-18,201,Savings
2021-10-18,126,Education
2021-10-18,45,Savings
2021-10-19,300,Insurance
2021-10-19,270,Rent
2021-10-20,16,Rent
2021-10-20,238,Savings
2021-10-20,159,Insurance
2021-10-21,295,Rent
2021-10-21,131,Car
2021-10-22,257,Education
2021-10-22,167,Insurance
2021-10-23,218,Savings
2021-10-23,136,Education
2021-10-23,96,Savings
2021-10-24,188,Car
2021-10-24,161,Rent
2021-10-24,242,Bike
2021-10-25,250,Car
2021-10-25,193,Savings
2021-10-26,246,Food
2021-10-26,142,Bike
2021-10-26,278,Food
2021-10-27,26,Savings
2021-10-28,121,Insurance
2021-10-28,208,Education
2021-10-29,153,Food
2021-10-30,253,Savings
2021-10-30,27,Education
2021-10-31,248,Food
2021-10-31,228,Insurance
2021-11-01,130,Rent
2021-11-01,251,Education
2021-11-02,185,Food
2021-11-02,60,Insurance
2021-11-02,213,Education
2021-11-03,44,Bike
2021-11-03,260,Food
2021-11-03,289,Savings
2021-11-04,241,Rent
2021-11-04,210,Rent
2021-11-04,256,Education
2021-11-05,206,Insurance
2021-11-05,296,Car
2021-11-05,284,Food
2021-11-06,100,Savings
2021-11-07,155,Education
2021-11-07,144,Car
2021-11-08,294,Education
2021-11-08,299,Car
2021-11-09,205,Education
2021-11-09,13,Bike
2021-11-10,84,Education
2021-11-10,35,Education
2021-11-10,194,Insurance
2021-11-11,122,Food
2021-11-11,208,Bike
2021-11-11,273,Insurance
2021-11-12,49,Insurance
2021-11-12,48,Rent
2021-11-13,237,Rent
2021-11-13,16,Rent
2021-11-13,89,Savings
2021-11-14,172,Bike
2021-11-14,125,Savings
2021-11-15,138,Insurance
2021-11-15,78,Education
2021-11-15,91,Rent
2021-11-16,295,Education
2021-11-16,114,Food
2021-11-17,239,Savings
2021-11-17,293,Food
2021-11-18,81,Food
2021-11-19,80,Food
2021-11-19,219,Savings
2021-11-20,194,Education
2021-11-21,261,Savings
2021-11-21,141,Bike
2021-11-22,35,Rent
2021-11-23,102,Car
2021-11-24,125,Insurance
2021-11-25,27,Savings
2021-11-26,291,Insurance
2021-11-27,26,Insurance
2021-11-27,149,Savings
2021-11-27,62,Rent
2021-11-28,257,Savings
2021-11-28,92,Insurance
2021-11-29,106,Savings
2021-11-30,45,Rent
2021-12-01,169,Car
2021-12-01,153,Bike
2021-12-02,230,Car
2021-12-02,294,Insurance
2021-12-02,168,Rent
2021-12-03,23,Food
2021-12-04,15,Rent
2021-12-05,272,Car
2021-12-05,215,Savings
2021-12-06,285,Rent
2021-12-06,216,Bike
2021-12-07,29,Education
2021-12-08,79,Bike
2021-12-09,265,Food
2021-12-09,15,Bike
2021-12-10,161,Food
2021-12-10,245,Savings
2021-12-10,162,Food
2021-12-11,44,Car
2021-12-12,181,Rent
2021-12-12,242,Bike
2021-12-12,89,Car
2021-12-13,245,Food
2021-12-14,10,Food
2021-12-14,186,Food
2021-12-14,19,Car
2021-12-15,74,Bike
2021-12-15,157,Car
2021-12-16,241,Savings
2021-12-16,261,Bike
2021-12-17,123,Education
2021-12-18,95,Bike
2021-12-19,52,Insurance
2021-12-20,192,Rent
2021-12-21,171,Insurance
2021-12-21,128,Bike
2021-12-22,161,Insurance
2021-12-22,273,Rent
2021-12-22,250,Rent
2021-12-23,197,Insurance
2021-12-23,265,Education
2021-12-23,246,Education
2021-12-24,232,Insurance
2021-12-24,163,Bike
2021-12-25,94,Food
2021-12-25,99,Rent
2021-12-25,270,Rent
2021-12-26,263,Rent
2021-12-26,266,Savings
2021-12-26,89,Rent
2021-12-27,180,Food
2021-12-27,99,Insurance
2021-12-28,268,Car
2021-12-28,124,Food
2021-12-28,289,Bike
2021-12-29,131,Insurance
2021-12-30,242,Car
2021-12-30,226,Rent
2021-12-30,197,Food
2021-12-31,299,Savings
2021-12-31,223,Education
2021-12-31,193,Food
2022-01-01,135,Savings
2022-01-02,103,Bike
2022-01-02,278,Rent
2022-01-02,290,Food
2022-01-03,296,Bike
2022-01-03,209,Car
2022-01-04,100,Education
2022-01-04,192,Savings
2022-01-05,107,Rent
2022-01-05,192,Insurance
2022-01-05,262,Bike
2022-01-06,159,Rent
2022-01-06,266,Education
2022-01-07,129,Insurance
2022-01-07,80,Food
2022-01-08,257,Rent
2022-01-09,257,Insurance
2022-01-10,44,Education
2022-01-10,77,Insurance
2022-01-10,242,Rent
2022-01-11,104,Rent
2022-01-11,61,Rent
2022-01-12,227,Savings
2022-01-12,96,Insurance
2022-01-13,125,Rent
2022-01-14,65,Savings
2022-01-15,117,Bike
2022-01-15,255,Education
2022-01-16,126,Car
2022-01-17,40,Insurance
2022-01-17,215,Food
2022-01-18,25,Savings
2022-01-19,125,Insurance
2022-01-19,39,Rent
2022-01-19,20,Food
2022-01-20,217,Bike
2022-01-20,73,Rent
2022-01-20,44,Savings
2022-01-21,163,Car
2022-01-21,273,Bike
2022-01-21,221,Education
2022-01-22,205,Insurance
2022-01-22,167,Car
2022-01-23,277,Education
2022-01-23,32,Savings
2022-01-23,26,Education
2022-01-24,186,Food
2022-01-25,144,Insurance
2022-01-25,18,Savings
2022-01-26,26,Insurance
2022-01-27,213,Insurance
2022-01-27,77,Savings
2022-01-27,20,Education
2022-01-28,198,Savings
2022-01-28,179,Bike
2022-01-28,169,Savings
2022-01-29,187,Car
2022-01-29,235,Education
2022-01-30,32,Education
2022-01-31,98,Rent
2022-01-31,70,Insurance
2022-01-31,120,Food
2022-02-01,295,Insurance
2022-02-01,241,Savings
2022-02-02,196,Rent
2022-02-02,84,Savings
2022-02-03,204,Car
2022-02-04,245,Savings
2022-02-04,105,Car
2022-02-04,198,Food
2022-02-05,56,Car
2022-02-05,231,Insurance
2022-02-05,242,Rent
2022-02-06,131,Car
2022-02-06,123,Car
2022-02-07,96,Food
2022-02-08,136,Insurance
2022-02-09,231,Car
2022-02-09,263,Bike
2022-02-09,190,Insurance
2022-02-10,22,Food
2022-02-10,65,Insurance
2022-02-11,162,Car
2022-02-12,101,Savings
2022-02-12,19,Education
2022-02-12,194,Rent
2022-02-13,210,Savings
2022-02-13,122,Insurance
2022-02-14,79,Savings
2022-02-14,15,Bike
2022-02-14,60,Food
2022-02-15,20,Education
2022-02-15,13,Education
2022-02-15,104,Insurance
2022-02-16,28,Bike
2022-02-16,288,Insurance
2022-02-16,127,Car
2022-02-17,11,Insurance
2022-02-17,217,Insurance
2022-02-18,61,Food
2022-02-18,147,Food
2022-02-19,208,Bike
2022-02-20,117,Car
2022-02-21,200,Bike
2022-02-21,15,Food
2022-02-22,300,Education
2022-02-22,218,Car
2022-02-23,286,Rent
2022-02-24,219,Bike
2022-02-24,190,Rent
2022-02-24,171,Savings
2022-02-25,241,Rent
2022-02-26,98,Education
2022-02-26,194,Education
2022-02-27,95,Education
2022-02-27,183,Bike
2022-02-27,215,Bike
2022-02-28,297,Savings
2022-02-28,102,Insurance
2022-03-01,253,Car
2022-03-01,42,Education
2022-03-02,233,Car
2022-03-03,240,Rent
2022-03-03,117,Bike
2022-03-04,207,Rent
2022-03-04,249,Rent
2022-03-05,231,Education
2022-03-05,287,Rent
2022-03-06,113,Bike
2022-03-07,209,Insurance
2022-03-07,171,Savings
2022-03-07,139,Education
2022-03-08,207,Education
2022-03-09,12,Rent
2022-03-09,123,Savings
2022-03-10,91,Car
2022-03-10,251,Food
2022-03-11,13,Savings
2022-03-11,104,Car
2022-03-11,300,Food
2022-03-12,161,Food
2022-03-12,286,Savings
2022-03-13,199,Savings
2022-03-14,144,Food
2022-03-14,30,Savings
2022-03-15,252,Education
2022-03-16,276,Rent
2022-03-16,116,Savings
2022-03-16,132,Food
2022-03-17,139,Bike
2022-03-18,271,Education
2022-03-18,16,Bike
2022-03-18,240,Savings
2022-03-19,228,Food
2022-03-20,167,Education
2022-03-21,124,Savings
2022-03-22,95,Insurance
2022-03-22,164,Insurance
2022-03-23,174,Rent
2022-03-23,196,Savings
2022-03-24,41,Rent
2022-03-24,284,Rent
2022-03-25,88,Insurance
2022-03-25,249,Insurance
2022-03-25,29,Rent
2022-03-26,59,Food
2022-03-26,233,Car
2022-03-27,39,Food
2022-03-28,203,Car
2022-03-29,82,Savings
2022-03-29,90,Savings
2022-03-30,44,Rent
2022-03-30,278,Rent
2022-03-30,77,Rent
2022-03-31,295,Car
2022-03-31,42,Car
2022-04-01,26,Education
2022-04-01,169,Savings
2022-04-01,70,Insurance
2022-04-02,265,Bike
2022-04-02,220,Food
2022-04-02,169,Bike
2022-04-03,81,Food
2022-04-03,143,Insurance
2022-04-03,276,Car
2022-04-04,164,Rent
2022-04-05,237,Savings
2022-04-05,31,Food
2022-04-05,32,Education
2022-04-06,89,Insurance
2022-04-06,260,Rent
2022-04-07,64,Bike
2022-04-07,197,Bike
2022-04-08,18,Bike
2022-04-08,40,Car
2022-04-09,30,Education
2022-04-09,291,Insurance
2022-04-10,90,Education
2022-04-10,50,Savings
2022-04-10,73,Savings
2022-04-11,96,Savings
2022-04-11,211,Rent
2022-04-11,189,Insurance
2022-04-12,109,Insurance
2022-04-12,275,Food
2022-04-13,260,Savings
2022-04-14,139,Food
2022-04-14,174,Food
2022-04-15,272,Rent
2022-04-16,19,Savings
2022-04-16,49,Savings
2022-04-16,122,Savings
2022-04-17,100,Insurance
2022-04-17,170,Rent
2022-04-18,88,Bike
2022-04-19,254,Savings
2022-04-19,265,Insurance
2022-04-19,129,Car
2022-04-20,157,Rent
2022-04-20,44,Rent
2022-04-21,285,Rent
2022-04-21,70,Food
2022-04-21,236,Insurance
2022-04-22,190,Insurance
2022-04-22,261,Rent
2022-04-23,45,Food
2022-04-24,111,Food
2022-04-24,208,Car
2022-04-24,38,Rent
2022-04-25,260,Savings
2022-04-25,258,Insurance
2022-04-26,74,Food
2022-04-26,205,Bike
2022-04-27,89,Savings
2022-04-27,93,Rent
2022-04-27,250,Education
2022-04-28,113,Insurance
2022-04-28,78,Bike
2022-04-28,144,Bike
2022-04-29,185,Savings
2022-04-29,244,Insurance
2022-04-29,276,Savings
2022-04-30,155,Savings
2022-04-30,282,Education
2022-05-01,50,Car
2022-05-01,206,Education
2022-05-01,291,Insurance
2022-05-02,258,Insurance
2022-05-02,92,Insurance
2022-05-02,118,Savings
2022-05-03,272,Savings
2022-05-04,157,Insurance
2022-05-04,207,Rent
2022-05-04,243,Food
2022-05-05,251,Rent
2022-05-05,276,Car
2022-05-05,173,Insurance
2022-05-06,212,Bike
2022-05-06,254,Car
2022-05-07,225,Food
2022-05-07,174,Savings
2022-05-07,89,Food
2022-05-08,55,Bike
2022-05-08,134,Food
2022-05-08,225,Bike
2022-05-09,220,Bike
2022-05-10,153,Insurance
2022-05-11,143,Car
2022-05-11,298,Bike
2022-05-12,95,Rent
2022-05-12,122,Food
2022-05-13,214,Insurance
2022-05-13,165,Food
2022-05-13,140,Bike
2022-05-14,234,Education
2022-05-14,123,Bike
2022-05-14,179,Rent
2022-05-15,97,Food
2022-05-16,211,Bike
2022-05-16,164,Rent
2022-05-17,13,Car
2022-05-18,133,Insurance
2022-05-18,219,Rent
2022-05-18,48,Savings
2022-05-19,63,Bike
2022-05-20,110,Bike
2022-05-20,184,Savings
2022-05-20,299,Food
2022-05-21,122,Rent
2022-05-21,81,Savings
2022-05-21,162,Education
2022-05-22,283,Education
2022-05-22,38,Bike
2022-05-23,122,Insurance
2022-05-24,112,Food
2022-05-24,271,Bike
2022-05-25,271,Education
2022-05-25,189,Bike
2022-05-25,160,Car
2022-05-26,190,Insurance
2022-05-26,203,Rent
2022-05-26,211,Education
2022-05-27,36,Rent
2022-05-27,295,Food
2022-05-27,294,Car
2022-05-28,41,Savings
2022-05-28,66,Savings
2022-05-28,151,Insurance
2022-05-29,111,Car
2022-05-29,62,Savings
2022-05-29,64,Savings
2022-05-30,266,Savings
2022-05-30,209,Education
2022-05-31,294,Bike
2022-05-31,77,Insurance
2022-06-01,62,Food
2022-06-02,119,Education
2022-06-02,108,Bike
2022-06-03,62,Education
2022-06-04,32,Education
2022-06-05,105,Insurance
2022-06-06,214,Savings
2022-06-07,66,Car
2022-06-08,244,Bike
2022-06-09,218,Insurance
2022-06-10,242,Bike
2022-06-10,104,Savings
2022-06-11,297,Bike
2022-06-12,110,Education
2022-06-12,54,Education
2022-06-12,62,Rent
2022-06-13,120,Savings
2022-06-13,21,Bike
2022-06-14,195,Food
2022-06-15,235,Education
2022-06-15,168,Education
2022-06-15,173,Savings
2022-06-16,93,Insurance
2022-06-17,67,Rent
2022-06-17,283,Food
2022-06-18,175,Bike
2022-06-18,262,Education
2022-06-19,299,Insurance
2022-06-19,215,Bike
2022-06-20,82,Bike
2022-06-20,45,Education
2022-06-20,213,Rent
2022-06-21,98,Car
2022-06-22,147,Rent
2022-06-22,187,Bike
2022-06-23,179,Bike
2022-06-23,64,Insurance
2022-06-23,210,Insurance
2022-06-24,119,Food
2022-06-24,268,Bike
2022-06-24,198,Bike
2022-06-25,144,Insurance
2022-06-25,286,Rent
2022-06-26,254,Bike
2022-06-27,295,Savings
2022-06-27,145,Rent
2022-06-28,240,Savings
2022-06-29,243,Savings
2022-06-30,130,Education
2022-07-01,88,Food
2022-07-02,131,Bike
2022-07-02,57,Education
2022-07-03,47,Food
2022-07-03,48,Rent
2022-07-03,13,Bike
2022-07-04,195,Bike
2022-07-04,263,Car
2022-07-05,67,Food
2022-07-05,116,Education
2022-07-06,96,Bike
2022-07-06,58,Savings
2022-07-07,292,Rent
2022-07-08,272,Food
2022-07-08,296,Rent
2022-07-08,283,Food
2022-07-09,172,Rent
2022-07-09,63,Insurance
2022-07-10,45,Education
2022-07-10,188,Rent
2022-07-10,170,Education
2022-07-11,284,Car
2022-07-11,271,Food
2022-07-11,118,Bike
2022-07-12,132,Rent
2022-07-12,45,Food
2022-07-13,250,Food
2022-07-13,290,Bike
2022-07-13,297,Savings
2022-07-14,110,Rent
2022-07-14,76,Food
2022-07-14,245,Bike
2022-07-15,242,Rent
2022-07-15,91,Rent
2022-07-16,139,Rent
2022-07-16,153,Rent
2022-07-16,58,Insurance
2022-07-17,175,Bike
2022-07-17,192,Bike
2022-07-17,114,Car
2022-07-18,300,Bike
2022-07-18,136,Bike
2022-07-19,233,Savings
2022-07-20,81,Car
2022-07-20,146,Car
2022-07-21,147,Savings
2022-07-21,83,Insurance
2022-07-22,38,Food
2022-07-22,132,Savings
2022-07-22,68,Insurance
2022-07-23,16,Bike
2022-07-23,254,Bike
2022-07-23,35,Food
2022-07-24,166,Education
2022-07-24,232,Car
2022-07-24,112,Savings
2022-07-25,205,Food
2022-07-25,208,Education
2022-07-26,258,Insurance
2022-07-26,20,Education
2022-07-27,81,Bike
2022-07-28,144,Rent
2022-07-28,160,Rent
2022-07-29,13,Bike
2022-07-29,195,Rent
2022-07-29,39,Rent
2022-07-30,182,Food
2022-07-30,96,Food
2022-07-31,288,Car
2022-08-01,166,Insurance
2022-08-01,123,Insurance
2022-08-01,94,Food
2022-08-02,28,Food
2022-08-02,127,Insurance
2022-08-03,113,Savings
2022-08-03,170,Food
2022-08-03,68,Insurance
2022-08-04,106,Education
2022-08-05,56,Bike
2022-08-05,114,Education
2022-08-06,85,Education
2022-08-07,264,Savings
2022-08-07,86,Insurance
2022-08-07,132,Food
2022-08-08,248,Insurance
2022-08-08,262,Car
2022-08-09,231,Bike
2022-08-09,295,Insurance
2022-08-09,40,Bike
2022-08-10,99,Education
2022-08-11,59,Bike
2022-08-12,179,Rent
2022-08-12,298,Insurance
2022-08-12,235,Rent
2022-08-13,14,Car
2022-08-13,105,Car
2022-08-14,280,Bike
2022-08-15,101,Savings
2022-08-15,248,Rent
2022-08-15,191,Insurance
2022-08-16,47,Rent
2022-08-17,56,Rent
2022-08-18,156,Education
2022-08-18,12,Rent
2022-08-18,279,Insurance
2022-08-19,72,Savings
2022-08-20,196,Car
2022-08-20,265,Insurance
2022-08-20,268,Insurance
2022-08-21,155,Insurance
2022-08-21,204,Education
2022-08-21,47,Insurance
2022-08-22,231,Food
2022-08-23,200,Food
2022-08-24,265,Insurance
2022-08-24,253,Rent
2022-08-25,101,Insurance
2022-08-26,73,Insurance
2022-08-26,211,Education
2022-08-27,249,Insurance
2022-08-28,88,Bike
2022-08-28,14,Education
2022-08-29,210,Savings
2022-08-29,79,Food
2022-08-29,199,Car
2022-08-30,45,Education
2022-08-31,120,Rent
2022-08-31,48,Education
2022-08-31,202,Car
2022-09-01,125,Insurance
2022-09-01,221,Food
2022-09-01,188,Bike
2022-09-02,102,Savings
2022-09-02,109,Education
2022-09-03,252,Rent
2022-09-03,142,Insurance
2022-09-03,245,Bike
2022-09-04,176,Food
2022-09-05,246,Savings
2022-09-05,100,Food
2022-09-06,132,Education
2022-09-06,219,Savings
2022-09-07,248,Bike
2022-09-07,42,Food
2022-09-08,291,Bike
2022-09-08,38,Car
2022-09-09,182,Savings
2022-09-09,167,Car
2022-09-10,291,Savings
2022-09-10,261,Savings
2022-09-10,19,Bike
2022-09-11,60,Education
2022-09-11,161,Rent
2022-09-11,14,Car
2022-09-12,57,Education
2022-09-13,255,Food
2022-09-14,257,Education
2022-09-14,286,Insurance
2022-09-15,83,Food
2022-09-15,268,Savings
2022-09-16,26,Bike
2022-09-16,82,Rent
2022-09-16,118,Savings
2022-09-17,90,Food
2022-09-17,290,Rent
2022-09-17,200,Rent
2022-09-18,164,Savings
2022-09-18,129,Savings
2022-09-18,268,Rent
2022-09-19,36,Education
2022-09-19,88,Insurance
2022-09-19,87,Bike
2022-09-20,244,Savings
2022-09-20,296,Savings
2022-09-20,216,Rent
2022-09-21,24,Bike
2022-09-21,49,Food
2022-09-22,200,Food
2022-09-22,155,Rent
2022-09-22,142,Car
2022-09-23,76,Insurance
2022-09-23,159,Bike
2022-09-24,298,Bike
2022-09-24,240,Education
2022-09-24,56,Rent
2022-09-25,30,Savings
2022-09-26,64,Food
2022-09-26,42,Bike
2022-09-27,153,Rent
2022-09-28,12,Savings
2022-09-29,289,Food
2022-09-29,177,Car
2022-09-29,92,Car
2022-09-30,129,Food
2022-10-01,269,Bike
2022-10-01,296,Education
2022-10-01,238,Food
2022-10-02,42,Bike
2022-10-03,138,Food
2022-10-04,38,Insurance
2022-10-05,267,Education
2022-10-05,136,Bike
2022-10-05,49,Education
2022-10-06,227,Insurance
2022-10-07,125,Insurance
2022-10-07,17,Food
2022-10-08,151,Food
2022-10-09,207,Rent
2022-10-09,101,Food
2022-10-09,269,Bike
2022-10-10,259,Savings
2022-10-10,227,Education
2022-10-11,195,Food
2022-10-12,252,Food
2022-10-13,94,Education
2022-10-13,288,Education
2022-10-14,37,Education
2022-10-14,242,Insurance
2022-10-15,22,Car
2022-10-15,280,Insurance
2022-10-16,239,Education
2022-10-17,77,Rent
2022-10-18,255,Savings
2022-10-19,16,Insurance
2022-10-20,67,Bike
2022-10-20,202,Education
2022-10-21,86,Savings
2022-10-22,241,Bike
2022-10-22,147,Rent
2022-10-23,128,Bike
2022-10-23,49,Education
2022-10-24,172,Bike
2022-10-24,128,Insurance
2022-10-24,278,Bike
2022-10-25,182,Education
2022-10-26,123,Car
2022-10-27,278,Food
2022-10-27,232,Food
2022-10-28,252,Insurance
2022-10-28,117,Insurance
2022-10-29,123,Bike
2022-10-29,132,Rent
2022-10-29,97,Food
2022-10-30,266,Food
2022-10-30,117,Insurance
2022-10-30,232,Bike
2022-10-31,264,Bike
2022-10-31,160,Rent
2022-11-01,170,Food
2022-11-02,256,Car
2022-11-02,142,Bike
2022-11-03,295,Food
2022-11-03,146,Rent
2022-11-03,253,Education
2022-11-04,126,Bike
2022-11-04,189,Rent
2022-11-04,154,Car
2022-11-05,258,Food
2022-11-05,83,Savings
2022-11-05,213,Car
2022-11-06,197,Car
2022-11-06,183,Bike
2022-11-07,189,Insurance
2022-11-07,191,Savings
2022-11-07,272,Education
2022-11-08,109,Food
2022-11-08,39,Food
2022-11-08,27,Bike
2022-11-09,26,Savings
2022-11-09,91,Education
2022-11-09,69,Food
2022-11-10,248,Bike
2022-11-11,130,Insurance
2022-11-11,96,Bike
2022-11-11,157,Education
2022-11-12,84,Car
2022-11-13,293,Food
2022-11-14,125,Food
2022-11-14,50,Savings
2022-11-15,136,Food
2022-11-15,212,Insurance
2022-11-16,32,Rent
2022-11-16,178,Rent
2022-11-17,89,Car
2022-11-17,68,Savings
2022-11-18,20,Savings
2022-11-18,286,Rent
2022-11-18,148,Rent
2022-11-19,14,Education
2022-11-20,226,Savings
2022-11-20,10,Bike
2022-11-21,133,Insurance
2022-11-22,269,Rent
2022-11-23,266,Insurance
2022-11-23,251,Car
2022-11-24,26,Education
2022-11-24,95,Education
2022-11-24,244,Bike
2022-11-25,78,Education
2022-11-25,23,Food
2022-11-25,84,Bike
2022-11-26,61,Bike
2022-11-27,32,Rent
2022-11-28,287,Rent
2022-11-28,241,Savings
2022-11-28,48,Rent
2022-11-29,92,Rent
2022-11-30,123,Food
2022-12-01,88,Food
2022-12-01,241,Insurance
2022-12-01,257,Rent
2022-12-02,226,Savings
2022-12-02,254,Bike
2022-12-03,185,Insurance
2022-12-03,98,Rent
2022-12-04,181,Bike
2022-12-04,79,Food
2022-12-05,46,Insurance
2022-12-06,248,Food
2022-12-06,94,Education
2022-12-07,70,Insurance
2022-12-07,165,Education
2022-12-08,189,Education
2022-12-09,198,Savings
2022-12-09,97,Insurance
2022-12-09,186,Insurance
2022-12-10,29,Food
2022-12-10,129,Insurance
2022-12-10,199,Car
2022-12-11,168,Bike
2022-12-11,289,Car
2022-12-11,11,Rent
2022-12-12,227,Savings
2022-12-12,15,Insurance
2022-12-12,128,Savings
2022-12-13,28,Insurance
2022-12-13,123,Car
2022-12-14,67,Education
2022-12-14,241,Food
2022-12-15,295,Car
2022-12-15,49,Car
2022-12-16,84,Food
2022-12-16,232,Food
2022-12-17,142,Car
2022-12-18,165,Rent
2022-12-19,78,Rent
2022-12-19,10,Rent
2022-12-19,17,Rent
2022-12-20,90,Savings
2022-12-20,188,Food
2022-12-21,249,Food
2022-12-22,17,Education
2022-12-22,15,Insurance
2022-12-23,160,Car
2022-12-23,63,Food
2022-12-23,289,Car
2022-12-24,228,Rent
2022-12-24,152,Bike
2022-12-25,138,Insurance
2022-12-25,174,Education
2022-12-25,57,Car
2022-12-26,32,Rent
2022-12-26,51,Car
2022-12-27,262,Bike
2022-12-27,238,Car
2022-12-28,104,Insurance
2022-12-28,20,Education
2022-12-28,37,Food
2022-12-29,103,Education
2022-12-29,154,Education
2022-12-29,214,Food
2022-12-30,155,Food
2022-12-30,62,Food
2022-12-30,144,Insurance
2022-12-31,129,Car
2022-12-31,112,Insurance
2023-01-01,91,Bike
2023-01-01,284,Rent
2023-01-02,225,Insurance
2023-01-02,51,Rent
2023-01-03,282,Savings
2023-01-03,95,Education
2023-01-04,254,Car
2023-01-04,130,Insurance
2023-01-05,75,Insurance
2023-01-05,139,Rent
2023-01-06,140,Rent
2023-01-06,211,Savings
2023-01-06,201,Car
2023-01-07,61,Food
2023-01-07,125,Education
2023-01-07,55,Education
2023-01-08,113,Food
2023-01-09,52,Food
2023-01-09,286,Insurance
2023-01-09,129,Education
2023-01-10,300,Rent
2023-01-11,186,Savings
2023-01-11,32,Car
2023-01-12,272,Car
2023-01-12,94,Insurance
2023-01-13,147,Savings
2023-01-13,52,Food
2023-01-13,112,Bike
2023-01-14,54,Insurance
2023-01-14,87,Education
2023-01-15,46,Rent
2023-01-15,32,Rent
2023-01-15,262,Bike
2023-01-16,196,Savings
2023-01-17,95,Food
2023-01-17,84,Car
2023-01-18,83,Insurance
2023-01-19,149,Savings
2023-01-19,171,Rent
2023-01-19,22,Savings
2023-01-20,194,Education
2023-01-21,256,Insurance
2023-01-21,128,Insurance
2023-01-22,245,Education
2023-01-22,93,Insurance
2023-01-23,222,Bike
2023-01-23,241,Education
2023-01-24,148,Rent
2023-01-24,207,Education
2023-01-24,281,Education
2023-01-25,174,Car
2023-01-25,72,Education
2023-01-25,283,Rent
2023-01-26,47,Education
2023-01-26,176,Bike
2023-01-26,44,Education
2023-01-27,229,Education
2023-01-27,15,Insurance
2023-01-27,286,Insurance
2023-01-28,31,Education
2023-01-28,131,Rent
2023-01-29,202,Food
2023-01-29,165,Bike
2023-01-29,248,Insurance
2023-01-30,64,Education
2023-01-30,273,Insurance
2023-01-31,89,Savings
2023-01-31,93,Food
2023-01-31,209,Rent
2023-02-01,70,Savings
2023-02-02,224,Savings
2023-02-03,175,Car
2023-02-04,129,Insurance
2023-02-04,282,Rent
2023-02-04,86,Savings
2023-02-05,129,Food
2023-02-05,256,Car
2023-02-06,14,Savings
2023-02-07,161,Rent
2023-02-07,88,Rent
2023-02-08,189,Insurance
2023-02-08,228,Insurance
2023-02-09,170,Insurance
2023-02-10,56,Bike
2023-02-11,143,Insurance
2023-02-11,40,Insurance
2023-02-12,46,Rent
2023-02-13,66,Rent
2023-02-14,44,Bike
2023-02-15,158,Bike
2023-02-15,293,Bike
2023-02-16,128,Insurance
2023-02-16,43,Rent
2023-02-17,113,Education
2023-02-17,251,Rent
2023-02-17,224,Rent
2023-02-18,168,Car
2023-02-19,239,Car
2023-02-19,27,Education
2023-02-20,182,Rent
2023-02-20,259,Education
2023-02-21,94,Food
2023-02-21,215,Bike
2023-02-21,39,Bike
2023-02-22,271,Bike
2023-02-23,298,Savings
2023-02-24,116,Education
2023-02-24,290,Insurance
2023-02-24,257,Insurance
2023-02-25,147,Education
2023-02-26,250,Bike
2023-02-26,51,Bike
2023-02-26,273,Bike
2023-02-27,243,Rent
2023-02-27,39,Savings
2023-02-27,60,Education
2023-02-28,34,Food
2023-02-28,103,Food
2023-02-28,137,Food
2023-03-01,216,Car
2023-03-01,140,Insurance
2023-03-01,61,Food
2023-03-02,214,Insurance
2023-03-03,165,Car
2023-03-03,31,Education
2023-03-04,106,Car
2023-03-04,32,Savings
2023-03-05,124,Education
2023-03-06,46,Savings
2023-03-06,195,Car
2023-03-06,10,Education
2023-03-07,182,Education
2023-03-08,156,Insurance
2023-03-08,289,Education
2023-03-08,216,Education
2023-03-09,119,Education
2023-03-09,77,Bike
2023-03-09,179,Bike
2023-03-10,34,Bike
2023-03-10,292,Bike
2023-03-10,277,Food
2023-03-11,127,Savings
2023-03-11,45,Education
2023-03-12,248,Car
2023-03-12,75,Insurance
2023-03-13,58,Insurance
2023-03-14,284,Education
2023-03-14,164,Food
2023-03-15,75,Savings
2023-03-15,256,Education
2023-03-16,160,Education
2023-03-16,145,Education
2023-03-16,94,Education
2023-03-17,229,Rent
2023-03-17,66,Bike
2023-03-17,258,Rent
2023-03-18,127,Car
2023-03-19,264,Savings
2023-03-20,83,Insurance
2023-03-20,53,Savings
2023-03-20,72,Insurance
2023-03-21,297,Savings
2023-03-22,66,Food
2023-03-23,75,Bike
2023-03-23,82,Car
2023-03-23,256,Rent
2023-03-24,156,Car
2023-03-25,195,Bike
2023-03-26,241,Savings
2023-03-27,98,Education
2023-03-27,81,Insurance
2023-03-27,77,Savings
2023-03-28,192,Savings
2023-03-29,276,Rent
2023-03-30,117,Insurance
2023-03-31,147,Bike
2023-03-31,166,Food
2023-03-31,290,Car
2023-04-01,33,Bike
2023-04-01,162,Food
2023-04-01,38,Rent
2023-04-02,139,Rent
2023-04-02,296,Rent
2023-04-03,107,Rent
2023-04-04,110,Rent
2023-04-05,188,Education
2023-04-05,97,Savings
2023-04-05,17,Rent
2023-04-06,126,Bike
2023-04-06,144,Car
2023-04-06,259,Education
2023-04-07,142,Insurance
2023-04-07,114,Savings
2023-04-07,199,Savings
2023-04-08,57,Education
2023-04-08,240,Rent
2023-04-09,178,Education
2023-04-09,145,Education
2023-04-09,284,Car
2023-04-10,251,Insurance
2023-04-10,258,Education
2023-04-11,22,Rent
2023-04-11,84,Education
2023-04-11,280,Food
2023-04-12,193,Bike
2023-04-12,44,Savings
2023-04-12,59,Education
2023-04-13,271,Rent
2023-04-13,106,Insurance
2023-04-14,235,Insurance
2023-04-14,66,Car
2023-04-14,125,Car
2023-04-15,247,Savings
2023-04-16,54,Savings
2023-04-16,159,Savings
2023-04-17,181,Education
2023-04-17,50,Car
2023-04-18,171,Rent
2023-04-18,249,Food
2023-04-18,206,Insurance
2023-04-19,183,Car
2023-04-19,136,Bike
2023-04-20,170,Car
2023-04-20,145,Insurance
2023-04-20,299,Insurance
2023-04-21,56,Car
2023-04-22,165,Education
2023-04-23,105,Car
2023-04-23,205,Insurance
2023-04-24,299,Savings
2023-04-25,180,Bike
2023-04-25,99,Rent
2023-04-25,32,Rent
2023-04-26,138,Car
2023-04-27,46,Food
2023-04-27,119,Food
2023-04-27,43,Food
2023-04-28,278,Rent
2023-04-28,207,Food
2023-04-29,83,Car
2023-04-29,107,Insurance
2023-04-29,56,Savings
2023-04-30,86,Rent
2023-04-30,140,Bike
2023-05-01,62,Car
2023-05-01,44,Bike
2023-05-02,267,Education
2023-05-02,80,Insurance
2023-05-02,193,Bike
2023-05-03,181,Food
2023-05-04,178,Rent
2023-05-04,142,Savings
2023-05-04,294,Savings
2023-05-05,170,Bike
2023-05-05,67,Bike
2023-05-05,221,Car
2023-05-06,75,Insurance
2023-05-06,49,Bike
2023-05-07,200,Rent
2023-05-07,188,Bike
2023-05-07,266,Bike
2023-05-08,296,Education
2023-05-08,62,Car
2023-05-09,56,Insurance
2023-05-09,113,Education
2023-05-10,34,Savings
2023-05-10,11,Savings
2023-05-11,51,Education
2023-05-11,295,Food
2023-05-11,99,Food
2023-05-12,126,Car
2023-05-12,38,Rent
2023-05-12,31,Bike
2023-05-13,96,Food
2023-05-13,139,Car
2023-05-13,273,Car
2023-05-14,279,Car
2023-05-14,168,Savings
2023-05-15,253,Savings
2023-05-15,165,Insurance
2023-05-15,180,Rent
2023-05-16,172,Rent
2023-05-16,47,Food
2023-05-16,175,Rent
2023-05-17,213,Insurance
2023-05-17,140,Education
2023-05-18,70,Car
2023-05-18,201,Bike
2023-05-18,152,Food
2023-05-19,93,Food
2023-05-20,15,Education
2023-05-21,222,Bike
2023-05-21,105,Insurance
2023-05-21,100,Savings
2023-05-22,285,Food
2023-05-22,29,Food
2023-05-22,215,Food
2023-05-23,138,Insurance
2023-05-23,216,Rent
2023-05-23,74,Savings
2023-05-24,269,Car
2023-05-24,144,Bike
2023-05-24,10,Car
2023-05-25,293,Food
2023-05-26,105,Bike
2023-05-27,111,Bike
2023-05-27,71,Rent
2023-05-27,290,Rent
2023-05-28,71,Education
2023-05-28,159,Education
2023-05-28,93,Car
2023-05-29,59,Bike
2023-05-29,109,Insurance
2023-05-30,194,Bike
2023-05-30,123,Food
2023-05-31,174,Education
2023-05-31,74,Insurance
2023-06-01,12,Insurance
2023-06-02,185,Bike
2023-06-02,300,Bike
2023-06-02,101,Car
2023-06-03,188,Education
2023-06-03,171,Education
2023-06-04,223,Insurance
2023-06-05,188,Education
2023-06-05,15,Savings
2023-06-05,110,Insurance
2023-06-06,150,Savings
2023-06-06,106,Insurance
2023-06-06,66,Car
2023-06-07,279,Insurance
2023-06-07,67,Car
2023-06-07,105,Food
2023-06-08,284,Food
2023-06-08,127,Savings
2023-06-09,207,Car
2023-06-09,97,Car
2023-06-09,48,Bike
2023-06-10,179,Savings
2023-06-10,78,Bike
2023-06-10,232,Education
2023-06-11,277,Car
2023-06-11,238,Savings
2023-06-11,234,Insurance
2023-06-12,122,Education
2023-06-12,197,Bike
2023-06-13,21,Insurance
2023-06-14,188,Education
2023-06-15,169,Car
2023-06-15,210,Rent
2023-06-15,283,Car
2023-06-16,41,Car
2023-06-17,244,Savings
2023-06-18,19,Rent
2023-06-18,234,Education
2023-06-19,47,Car
2023-06-19,119,Savings
2023-06-20,143,Bike
2023-06-20,218,Insurance
2023-06-20,54,Insurance
2023-06-21,148,Bike
2023-06-21,50,Education
2023-06-22,217,Bike
2023-06-22,14,Education
2023-06-22,145,Bike
2023-06-23,124,Car
2023-06-23,55,Car
2023-06-24,207,Savings
2023-06-24,127,Insurance
2023-06-25,41,Rent
2023-06-25,120,Education
2023-06-25,163,Rent
2023-06-26,112,Education
2023-06-27,250,Bike
2023-06-27,56,Savings
2023-06-27,148,Food
2023-06-28,177,Rent
2023-06-28,276,Education
2023-06-29,19,Insurance
2023-06-30,95,Bike
2023-06-30,29,Insurance
2023-07-01,125,Bike
2023-07-01,75,Rent
2023-07-02,200,Savings
2023-07-02,51,Car
2023-07-02,228,Rent
2023-07-03,178,Education
2023-07-03,92,Car
2023-07-04,230,Car
2023-07-04,146,Insurance
2023-07-05,119,Savings
2023-07-05,43,Savings
2023-07-06,135,Education
2023-07-07,264,Food
2023-07-08,26,Savings
2023-07-08,108,Savings
2023-07-08,266,Rent
2023-07-09,181,Insurance
2023-07-09,117,Insurance
2023-07-10,219,Rent
2023-07-10,10,Rent
2023-07-10,162,Insurance
2023-07-11,109,Bike
2023-07-11,177,Education
2023-07-11,89,Insurance
2023-07-12,260,Insurance
2023-07-12,62,Savings
2023-07-12,25,Food
2023-07-13,229,Savings
2023-07-13,266,Savings
2023-07-14,27,Car
2023-07-15,217,Savings
2023-07-16,198,Car
2023-07-16,159,Savings
2023-07-16,265,Savings
2023-07-17,149,Education
2023-07-17,167,Insurance
2023-07-18,55,Food
2023-07-19,56,Bike
2023-07-19,96,Savings
2023-07-19,118,Education
2023-07-20,264,Rent
2023-07-20,74,Car
2023-07-21,176,Bike
2023-07-21,124,Insurance
2023-07-22,88,Rent
2023-07-23,77,Bike
2023-07-23,153,Rent
2023-07-24,247,Car
2023-07-25,62,Savings
2023-07-26,273,Education
2023-07-26,24,Car
2023-07-26,35,Food
2023-07-27,69,Food
2023-07-28,75,Savings
2023-07-28,30,Bike
2023-07-29,78,Car
2023-07-30,116,Rent
2023-07-30,88,Food
2023-07-30,142,Insurance
2023-07-31,239,Education
2023-07-31,62,Savings
2023-08-01,125,Food
2023-08-02,178,Insurance
2023-08-03,227,Food
2023-08-03,57,Education
2023-08-03,82,Education
2023-08-04,112,Savings
2023-08-04,223,Savings
2023-08-05,74,Savings
2023-08-05,224,Bike
2023-08-06,174,Education
2023-08-06,113,Education
2023-08-07,199,Education
2023-08-08,228,Insurance
2023-08-08,48,Savings
2023-08-08,74,Education
2023-08-09,94,Insurance
2023-08-09,214,Food
2023-08-10,98,Insurance
2023-08-10,158,Food
2023-08-11,118,Car
2023-08-11,244,Savings
2023-08-12,243,Insurance
2023-08-12,263,Education
2023-08-12,154,Savings
2023-08-13,10,Food
2023-08-14,150,Insurance
2023-08-14,102,Car
2023-08-14,113,Savings
2023-08-15,104,Car
2023-08-15,238,Education
2023-08-15,20,Food
2023-08-16,214,Rent
2023-08-16,152,Car
2023-08-17,111,Education
2023-08-17,17,Insurance
2023-08-18,105,Insurance
2023-08-18,298,Insurance
2023-08-18,238,Car
2023-08-19,147,Car
2023-08-20,126,Savings
2023-08-20,220,Car
2023-08-21,45,Savings
2023-08-21,116,Bike
2023-08-22,165,Car
2023-08-22,165,Savings
2023-08-22,37,Food
2023-08-23,273,Food
2023-08-24,262,Insurance
2023-08-25,23,Rent
2023-08-26,208,Bike
2023-08-26,246,Insurance
2023-08-27,135,Food
2023-08-27,167,Insurance
2023-08-27,214,Savings
2023-08-28,294,Bike
2023-08-28,230,Education
2023-08-28,17,Rent
2023-08-29,141,Savings
2023-08-29,179,Rent
2023-08-30,88,Food
2023-08-31,225,Bike
2023-08-31,277,Education
2023-09-01,126,Insurance
2023-09-01,276,Car
2023-09-01,17,Insurance
2023-09-02,166,Insurance
2023-09-02,293,Bike
2023-09-03,180,Bike
2023-09-03,33,Insurance
2023-09-03,15,Savings
2023-09-04,297,Insurance
2023-09-04,215,Bike
2023-09-05,140,Insurance
2023-09-06,177,Insurance
2023-09-06,132,Food
2023-09-06,50,Savings
2023-09-07,73,Education
2023-09-07,40,Rent
2023-09-07,128,Food
2023-09-08,258,Rent
2023-09-08,62,Car
2023-09-08,167,Bike
2023-09-09,252,Savings
2023-09-09,135,Rent
2023-09-09,133,Education
2023-09-10,99,Insurance
2023-09-11,102,Bike
2023-09-11,33,Food
2023-09-11,281,Education
2023-09-12,109,Car
2023-09-12,205,Savings
2023-09-13,26,Rent
2023-09-13,282,Food
2023-09-13,243,Car
2023-09-14,17,Car
2023-09-14,207,Car
2023-09-15,14,Bike
2023-09-15,286,Education
2023-09-16,128,Food
2023-09-16,142,Bike
2023-09-17,200,Savings
2023-09-17,13,Rent
2023-09-17,221,Savings
2023-09-18,294,Car
2023-09-18,278,Car
2023-09-19,296,Insurance
2023-09-19,191,Insurance
2023-09-20,269,Bike
2023-09-20,118,Food
2023-09-20,245,Food
2023-09-21,226,Rent
2023-09-21,294,Education
2023-09-22,291,Bike
2023-09-23,267,Education
2023-09-23,212,Car
2023-09-23,288,Insurance
2023-09-24,191,Education
2023-09-24,74,Car
2023-09-25,166,Car
2023-09-26,51,Car
2023-09-26,151,Education
2023-09-27,295,Education
2023-09-27,296,Insurance
2023-09-28,77,Insurance
2023-09-28,154,Bike
2023-09-29,35,Savings
2023-09-30,284,Insurance
2023-09-30,52,Education
2023-09-30,32,Bike
2023-10-01,21,Car
2023-10-02,177,Savings
2023-10-02,238,Insurance
2023-10-02,149,Food
2023-10-03,26,Rent
2023-10-03,41,Savings
2023-10-04,153,Rent
2023-10-05,17,Rent
2023-10-05,287,Car
2023-10-06,146,Savings
2023-10-07,92,Education
2023-10-07,265,Food
2023-10-08,125,Bike
2023-10-08,22,Food
2023-10-09,147,Rent
2023-10-10,64,Car
2023-10-11,12,Insurance
2023-10-11,59,Food
2023-10-11,97,Savings
2023-10-12,212,Savings
2023-10-12,138,Rent
2023-10-13,243,Bike
2023-10-13,92,Education
2023-10-13,182,Food
2023-10-14,279,Insurance
2023-10-14,275,Insurance
2023-10-14,29,Food
2023-10-15,96,Education
2023-10-16,260,Car
2023-10-16,57,Savings
2023-10-17,106,Education
2023-10-17,12,Education
2023-10-18,67,Car
2023-10-18,232,Insurance
2023-10-18,214,Food
2023-10-19,272,Savings
2023-10-19,224,Car
2023-10-20,83,Education
2023-10-21,76,Savings
2023-10-21,189,Insurance
2023-10-21,77,Education
2023-10-22,51,Bike
2023-10-22,150,Savings
2023-10-22,219,Food
2023-10-23,63,Car
2023-10-23,20,Food
2023-10-23,84,Insurance
2023-10-24,104,Insurance
2023-10-25,234,Rent
2023-10-26,271,Bike
2023-10-27,249,Savings
2023-10-27,17,Bike
2023-10-27,52,Rent
2023-10-28,184,Education
2023-10-28,259,Insurance
2023-10-29,70,Bike
2023-10-30,151,Rent
2023-10-31,295,Car
2023-11-01,57,Bike
2023-11-01,235,Insurance
2023-11-01,246,Car
2023-11-02,133,Food
2023-11-02,228,Food
2023-11-03,154,Rent
2023-11-03,112,Food
2023-11-04,17,Savings
2023-11-04,45,Education
2023-11-04,114,Rent
2023-11-05,24,Bike
2023-11-06,166,Insurance
2023-11-06,125,Education
2023-11-07,36,Rent
2023-11-07,71,Bike
2023-11-07,201,Savings
2023-11-08,18,Rent
2023-11-09,63,Rent
2023-11-09,62,Savings
2023-11-10,12,Food
2023-11-10,284,Insurance
2023-11-11,224,Education
2023-11-11,89,Car
2023-11-11,271,Food
2023-11-12,288,Car
2023-11-12,267,Rent
2023-11-12,109,Bike
2023-11-13,175,Insurance
2023-11-13,71,Insurance
2023-11-14,236,Food
2023-11-15,128,Education
2023-11-16,174,Food
2023-11-16,144,Bike
2023-11-16,210,Bike
2023-11-17,194,Food
2023-11-18,99,Car
2023-11-18,267,Education
2023-11-19,79,Rent
2023-11-19,289,Car
2023-11-19,143,Food
2023-11-20,200,Car
2023-11-20,208,Savings
2023-11-21,290,Savings
2023-11-21,280,Education
2023-11-22,293,Insurance
2023-11-22,40,Food
2023-11-22,62,Food
2023-11-23,131,Food
2023-11-23,160,Education
2023-11-23,95,Car
2023-11-24,244,Savings
2023-11-25,139,Savings
2023-11-25,295,Savings
2023-11-26,286,Savings
2023-11-26,141,Insurance
2023-11-26,64,Savings
2023-11-27,87,Bike
2023-11-27,68,Food
2023-11-27,195,Insurance
2023-11-28,84,Savings
2023-11-28,196,Food
2023-11-28,112,Education
2023-11-29,136,Rent
2023-11-30,142,Education
2023-11-30,294,Education
2023-11-30,300,Education
2023-12-01,185,Car
2023-12-01,23,Bike
2023-12-01,295,Rent
2023-12-02,61,Savings
2023-12-02,103,Car
2023-12-02,196,Car
2023-12-03,259,Car
2023-12-04,23,Education
2023-12-04,133,Savings
2023-12-04,184,Food
2023-12-05,56,Savings
2023-12-06,129,Food
2023-12-06,37,Rent
2023-12-06,61,Food
2023-12-07,108,Bike
2023-12-07,194,Insurance
2023-12-08,17,Bike
2023-12-08,287,Car
2023-12-08,213,Car
2023-12-09,179,Insurance
2023-12-09,294,Education
2023-12-09,82,Savings
2023-12-10,138,Bike
2023-12-10,216,Education
2023-12-10,203,Education
2023-12-11,160,Car
2023-12-12,51,Savings
2023-12-12,166,Insurance
2023-12-12,204,Insurance
2023-12-13,291,Rent
2023-12-13,136,Rent
2023-12-14,73,Education
2023-12-14,271,Bike
2023-12-15,24,Food
2023-12-16,139,Food
2023-12-16,180,Bike
2023-12-16,123,Food
2023-12-17,55,Savings
2023-12-17,191,Rent
2023-12-18,69,Insurance
2023-12-18,15,Insurance
2023-12-19,151,Car
2023-12-19,242,Bike
2023-12-19,298,Education
2023-12-20,292,Rent
2023-12-21,21,Car
2023-12-21,182,Bike
2023-12-21,10,Education
2023-12-22,196,Insurance
2023-12-23,163,Savings
2023-12-23,197,Food
2023-12-23,139,Food
2023-12-24,167,Rent
2023-12-25,164,Car
2023-12-26,191,Rent
2023-12-26,78,Food
2023-12-26,183,Bike
2023-12-27,93,Bike
2023-12-28,49,Savings
2023-12-29,33,Car
2023-12-29,285,Car
2023-12-29,96,Insurance
2023-12-30,273,Insurance
2023-12-30,178,Food
2023-12-31,124,Savings
2023-12-31,95,Car
2023-12-31,223,Food
2024-01-01,279,Food
2024-01-02,277,Food
2024-01-03,293,Education
2024-01-04,285,Car
2024-01-04,118,Rent
2024-01-04,253,Education
2024-01-05,64,Food
2024-01-06,283,Car
2024-01-06,159,Car
2024-01-07,135,Food
2024-01-07,242,Bike
2024-01-08,80,Education
2024-01-08,241,Rent
2024-01-09,159,Food
2024-01-10,297,Car
2024-01-11,223,Savings
2024-01-11,142,Bike
2024-01-12,168,Rent
2024-01-12,171,Education
2024-01-12,53,Savings
2024-01-13,84,Insurance
2024-01-13,143,Food
2024-01-13,185,Car
2024-01-14,132,Food
2024-01-15,125,Education
2024-01-15,198,Savings
2024-01-15,259,Rent
2024-01-16,213,Insurance
2024-01-17,54,Rent
2024-01-18,239,Bike
2024-01-19,48,Rent
2024-01-19,255,Rent
2024-01-20,281,Savings
2024-01-21,90,Education
2024-01-22,216,Savings
2024-01-22,71,Savings
2024-01-22,145,Rent
2024-01-23,39,Bike
2024-01-24,141,Education
2024-01-24,102,Car
2024-01-25,52,Food
2024-01-25,116,Car
2024-01-25,166,Food
2024-01-26,227,Education
2024-01-26,12,Education
2024-01-27,84,Car
2024-01-28,258,Food
2024-01-28,197,Savings
2024-01-29,217,Education
2024-01-30,160,Rent
2024-01-31,51,Insurance
2024-02-01,243,Food
2024-02-02,180,Education
2024-02-03,42,Rent
2024-02-03,163,Insurance
2024-02-04,150,Car
2024-02-04,94,Rent
2024-02-05,182,Rent
2024-02-06,172,Bike
2024-02-06,232,Education
2024-02-06,140,Savings
2024-02-07,74,Rent
2024-02-08,109,Insurance
2024-02-08,258,Food
2024-02-08,180,Bike
2024-02-09,39,Education
2024-02-09,223,Education
2024-02-09,244,Savings
2024-02-10,36,Food
2024-02-11,266,Car
2024-02-11,193,Food
2024-02-12,13,Car
2024-02-13,171,Savings
2024-02-13,227,Savings
2024-02-14,258,Bike
2024-02-15,219,Food
2024-02-15,45,Rent
2024-02-15,255,Bike
2024-02-16,33,Food
2024-02-16,51,Food
2024-02-16,212,Rent
2024-02-17,178,Insurance
2024-02-17,116,Car
2024-02-17,258,Rent
2024-02-18,33,Insurance
2024-02-18,268,Education
2024-02-18,56,Rent
2024-02-19,106,Savings
2024-02-20,86,Education
2024-02-20,189,Car
2024-02-21,205,Food
2024-02-21,66,Food
2024-02-22,164,Food
2024-02-22,58,Insurance
2024-02-23,295,Bike
2024-02-23,64,Car
2024-02-24,128,Savings
2024-02-25,90,Insurance
2024-02-25,141,Savings
2024-02-25,76,Savings
2024-02-26,155,Bike
2024-02-26,207,Savings
2024-02-26,91,Insurance
2024-02-27,199,Rent
2024-02-27,144,Savings
2024-02-27,242,Food
2024-02-28,142,Education
2024-02-28,128,Food
2024-02-29,152,Rent
2024-03-01,274,Savings
2024-03-01,81,Insurance
2024-03-02,202,Bike
2024-03-02,118,Car
2024-03-02,264,Rent
2024-03-03,26,Education
2024-03-03,130,Car
2024-03-04,276,Bike
2024-03-04,207,Insurance
2024-03-05,286,Car
2024-03-06,203,Education
2024-03-06,85,Food
2024-03-07,300,Savings
2024-03-08,230,Car
2024-03-08,234,Savings
2024-03-08,193,Savings
2024-03-09,285,Insurance
2024-03-09,108,Education
2024-03-09,260,Education
2024-03-10,261,Food
2024-03-10,232,Savings
2024-03-11,198,Rent
2024-03-11,204,Savings
2024-03-12,60,Bike
2024-03-12,265,Education
2024-03-12,219,Car
2024-03-13,137,Rent
2024-03-14,88,Bike
2024-03-14,149,Bike
2024-03-14,65,Food
2024-03-15,76,Insurance
2024-03-15,132,Bike
2024-03-16,248,Insurance
2024-03-17,242,Bike
2024-03-17,241,Education
2024-03-17,114,Rent
2024-03-18,223,Education
2024-03-18,114,Insurance
2024-03-18,64,Car
2024-03-19,279,Car
2024-03-20,47,Insurance
2024-03-21,111,Rent
2024-03-21,230,Education
2024-03-21,105,Education
2024-03-22,256,Car
2024-03-22,16,Car
2024-03-22,197,Car
2024-03-23,94,Rent
2024-03-23,272,Rent
2024-03-23,29,Insurance
2024-03-24,201,Bike
2024-03-25,175,Savings
2024-03-26,166,Food
2024-03-27,182,Rent
2024-03-27,89,Food
2024-03-27,265,Savings
2024-03-28,254,Savings
2024-03-28,180,Rent
2024-03-29,175,Savings
2024-03-29,99,Rent
2024-03-30,102,Insurance
2024-03-31,67,Food
2024-03-31,223,Food
2024-03-31,210,Savings
2024-04-01,150,Savings
2024-04-01,194,Food
2024-04-01,188,Savings
2024-04-02,66,Rent
2024-04-02,116,Education
2024-04-02,107,Insurance
2024-04-03,212,Rent
2024-04-04,258,Food
2024-04-04,125,Rent
2024-04-04,87,Car
2024-04-05,297,Insurance
2024-04-05,157,Insurance
2024-04-06,112,Bike
2024-04-06,103,Rent
2024-04-07,126,Food
2024-04-07,14,Savings
2024-04-08,123,Bike
2024-04-08,128,Car
2024-04-09,98,Education
2024-04-10,13,Insurance
2024-04-11,202,Savings
2024-04-11,65,Education
2024-04-11,192,Car
2024-04-12,92,Education
2024-04-12,245,Education
2024-04-12,15,Bike
2024-04-13,27,Bike
2024-04-13,225,Savings
2024-04-14,200,Education
2024-04-14,214,Savings
2024-04-14,171,Education
2024-04-15,26,Insurance
2024-04-15,240,Food
2024-04-16,120,Savings
2024-04-17,69,Savings
2024-04-18,239,Rent
2024-04-18,10,Car
2024-04-18,205,Insurance
2024-04-19,143,Education
2024-04-20,129,Car
2024-04-20,178,Car
2024-04-21,90,Car
2024-04-21,91,Insurance
2024-04-21,53,Savings
2024-04-22,213,Bike
2024-04-22,39,Rent
2024-04-22,267,Education
2024-04-23,20,Insurance
2024-04-23,176,Savings
2024-04-24,156,Food
2024-04-25,29,Car
2024-04-26,10,Insurance
2024-04-26,300,Car
2024-04-27,255,Rent
2024-04-27,204,Bike
2024-04-27,28,Rent
2024-04-28,32,Food
2024-04-29,167,Savings
2024-04-29,58,Rent
2024-04-29,200,Rent
2024-04-30,266,Car
2024-04-30,267,Insurance
2024-05-01,210,Rent
2024-05-02,61,Insurance
2024-05-02,108,Bike
2024-05-02,188,Bike
2024-05-03,129,Bike
2024-05-04,125,Food
2024-05-04,259,Bike
2024-05-04,264,Savings
2024-05-05,176,Savings
2024-05-05,83,Insurance
2024-05-06,29,Car
2024-05-07,48,Rent
2024-05-07,285,Savings
2024-05-08,56,Savings
2024-05-08,296,Rent
2024-05-08,33,Car
2024-05-09,246,Education
2024-05-09,81,Education
2024-05-10,147,Education
2024-05-11,185,Education
2024-05-12,60,Education
2024-05-12,279,Education
2024-05-13,15,Food
2024-05-13,118,Savings
2024-05-14,245,Savings
2024-05-15,265,Rent
2024-05-16,287,Car
2024-05-17,221,Rent
2024-05-18,167,Bike
2024-05-18,72,Savings
2024-05-18,111,Savings
2024-05-19,75,Education
2024-05-19,42,Bike
2024-05-20,188,Insurance
2024-05-20,59,Rent
2024-05-21,214,Bike
2024-05-22,204,Savings
2024-05-22,13,Car
2024-05-23,69,Bike
2024-05-23,185,Rent
2024-05-24,131,Education
2024-05-25,44,Rent
2024-05-25,54,Education
2024-05-26,260,Car
2024-05-26,232,Savings
2024-05-27,26,Food
2024-05-27,151,Education
2024-05-27,235,Bike
2024-05-28,265,Car
2024-05-28,300,Bike
2024-05-29,147,Rent
2024-05-29,90,Insurance
2024-05-29,238,Car
2024-05-30,256,Insurance
2024-05-31,177,Savings
2024-06-01,119,Food
2024-06-01,108,Education
2024-06-02,272,Rent
2024-06-03,214,Rent
2024-06-03,255,Education
2024-06-03,147,Savings
2024-06-04,80,Rent
2024-06-05,21,Rent
2024-06-06,285,Education
2024-06-06,119,Food
2024-06-06,109,Savings
2024-06-07,131,Insurance
2024-06-08,283,Savings
2024-06-08,261,Food
2024-06-08,259,Bike
2024-06-09,197,Insurance
2024-06-10,270,Rent
2024-06-10,226,Savings
2024-06-10,125,Insurance
2024-06-11,167,Bike
2024-06-12,56,Savings
2024-06-12,214,Rent
2024-06-12,14,Food
2024-06-13,134,Bike
2024-06-14,27,Food
2024-06-15,206,Savings
2024-06-15,63,Car
2024-06-16,212,Food
2024-06-16,90,Food
2024-06-16,25,Car
2024-06-17,84,Insurance
2024-06-17,119,Bike
2024-06-18,236,Education
2024-06-19,116,Food
2024-06-19,83,Bike
2024-06-20,224,Food
2024-06-20,155,Car
2024-06-21,42,Bike
2024-06-21,127,Car
2024-06-21,36,Education
2024-06-22,142,Savings
2024-06-22,268,Savings
2024-06-22,299,Education
2024-06-23,161,Food
2024-06-24,84,Food
2024-06-25,256,Savings
2024-06-25,245,Bike
2024-06-25,157,Food
2024-06-26,247,Insurance
2024-06-26,148,Insurance
2024-06-27,239,Education
2024-06-27,237,Insurance
2024-06-28,235,Rent
2024-06-29,164,Savings
2024-06-30,202,Insurance
2024-06-30,186,Bike
2024-07-01,99,Rent
2024-07-01,199,Car
2024-07-01,78,Car
2024-07-02,122,Bike
2024-07-02,175,Bike
2024-07-02,221,Rent
2024-07-03,50,Insurance
2024-07-04,122,Insurance
2024-07-04,277,Rent
2024-07-04,93,Bike
2024-07-05,135,Food
2024-07-06,157,Car
2024-07-06,110,Car
2024-07-07,99,Education
2024-07-07,238,Insurance
2024-07-08,263,Bike
2024-07-09,279,Rent
2024-07-10,239,Bike
2024-07-10,230,Savings
2024-07-11,235,Food
2024-07-11,219,Car
2024-07-11,284,Insurance
2024-07-12,279,Bike
2024-07-12,214,Bike
2024-07-13,89,Insurance
2024-07-13,228,Education
2024-07-13,259,Education
2024-07-14,112,Food
2024-07-15,194,Rent
2024-07-16,124,Rent
2024-07-16,261,Savings
2024-07-17,245,Savings
2024-07-17,272,Savings
2024-07-18,244,Car
2024-07-18,182,Food
2024-07-18,287,Savings
2024-07-19,263,Rent
2024-07-20,152,Education
2024-07-21,20,Bike
2024-07-21,277,Food
2024-07-21,183,Savings
2024-07-22,59,Car
2024-07-22,206,Car
2024-07-22,45,Food
2024-07-23,277,Education
2024-07-23,33,Food
2024-07-23,158,Insurance
2024-07-24,221,Rent
2024-07-24,203,Savings
2024-07-24,289,Bike
2024-07-25,295,Rent
2024-07-25,169,Rent
2024-07-26,183,Insurance
2024-07-26,120,Rent
2024-07-27,94,Food
2024-07-28,33,Bike
2024-07-28,75,Education
2024-07-29,81,Education
2024-07-29,59,Food
2024-07-29,197,Bike
2024-07-30,72,Education
2024-07-30,241,Food
2024-07-30,227,Bike
2024-07-31,254,Car
2024-07-31,68,Rent
2024-08-01,151,Food
2024-08-02,116,Car
2024-08-02,132,Savings
2024-08-03,53,Food
2024-08-04,34,Education
2024-08-05,163,Bike
2024-08-06,194,Rent
2024-08-06,33,Rent
2024-08-06,190,Car
2024-08-07,285,Car
2024-08-07,179,Education
2024-08-08,196,Car
2024-08-08,221,Rent
2024-08-08,221,Savings
2024-08-09,284,Food
2024-08-09,245,Bike
2024-08-09,17,Savings
2024-08-10,125,Food
2024-08-10,139,Rent
2024-08-11,99,Bike
2024-08-11,94,Savings
2024-08-12,289,Education
2024-08-13,271,Education
2024-08-13,95,Bike
2024-08-14,65,Car
2024-08-15,147,Insurance
2024-08-16,182,Bike
2024-08-16,41,Savings
2024-08-16,219,Food
2024-08-17,65,Car
2024-08-17,271,Bike
2024-08-18,100,Savings
2024-08-18,225,Car
2024-08-18,161,Bike
2024-08-19,190,Bike
2024-08-19,201,Car
2024-08-19,96,Food
2024-08-20,160,Rent
2024-08-21,219,Car
2024-08-21,39,Savings
2024-08-21,232,Insurance
2024-08-22,232,Savings
2024-08-22,253,Rent
2024-08-23,79,Insurance
2024-08-23,113,Education
2024-08-23,112,Savings
2024-08-24,299,Car
2024-08-24,214,Insurance
2024-08-25,178,Insurance
2024-08-25,190,Car
2024-08-25,208,Insurance
2024-08-26,121,Rent
2024-08-26,190,Car
2024-08-27,175,Bike
2024-08-28,258,Food
2024-08-29,172,Rent
2024-08-29,76,Car
2024-08-30,160,Education
2024-08-30,93,Car
2024-08-30,292,Car
2024-08-31,139,Savings
2024-08-31,106,Car
2024-08-31,247,Rent
2024-09-01,221,Rent
2024-09-01,142,Car
2024-09-01,128,Rent
2024-09-02,259,Insurance
2024-09-02,171,Bike
2024-09-02,71,Savings
2024-09-03,246,Bike
2024-09-03,120,Savings
2024-09-04,227,Insurance
2024-09-04,213,Insurance
2024-09-04,122,Car
2024-09-05,210,Savings
2024-09-05,286,Car
2024-09-05,256,Food
2024-09-06,169,Bike
2024-09-07,106,Rent
2024-09-07,115,Insurance
2024-09-08,138,Car
2024-09-08,84,Rent
2024-09-09,103,Car
2024-09-10,59,Insurance
2024-09-10,153,Food
2024-09-11,239,Food
2024-09-12,215,Insurance
2024-09-13,45,Food
2024-09-13,48,Food
2024-09-13,295,Education
2024-09-14,185,Insurance
2024-09-14,237,Bike
2024-09-14,225,Savings
2024-09-15,125,Insurance
2024-09-15,222,Food
2024-09-16,280,Savings
2024-09-17,170,Education
2024-09-17,250,Food
2024-09-18,215,Bike
2024-09-19,153,Bike
2024-09-19,156,Insurance
2024-09-19,220,Insurance
2024-09-20,231,Bike
2024-09-21,90,Bike
2024-09-22,109,Savings
2024-09-22,87,Education
2024-09-23,97,Food
2024-09-23,178,Car
2024-09-24,179,Food
2024-09-24,127,Insurance
2024-09-25,199,Food
2024-09-25,248,Rent
2024-09-26,256,Education
2024-09-26,36,Insurance
2024-09-27,266,Rent
2024-09-28,183,Savings
2024-09-29,261,Savings
2024-09-30,170,Food
2024-09-30,91,Bike
2024-10-01,288,Insurance
2024-10-01,105,Food
2024-10-01,107,Rent
2024-10-02,111,Rent
2024-10-02,96,Education
2024-10-02,99,Insurance
2024-10-03,284,Bike
2024-10-03,137,Savings
2024-10-03,50,Rent
2024-10-04,104,Insurance
2024-10-04,171,Insurance
2024-10-05,221,Rent
2024-10-06,159,Food
2024-10-07,182,Insurance
2024-10-07,112,Insurance
2024-10-07,152,Bike
2024-10-08,256,Bike
2024-10-08,152,Insurance
2024-10-09,234,Education
2024-10-10,29,Food
2024-10-10,127,Insurance
2024-10-11,226,Rent
2024-10-11,104,Education
2024-10-11,269,Car
2024-10-12,61,Food
2024-10-13,269,Rent
2024-10-14,223,Insurance
2024-10-14,102,Rent
2024-10-14,242,Rent
2024-10-15,198,Rent
2024-10-16,140,Rent
2024-10-17,265,Education
2024-10-17,254,Food
2024-10-18,124,Car
2024-10-18,155,Insurance
2024-10-19,299,Bike
2024-10-19,263,Food
2024-10-20,170,Savings
2024-10-21,142,Car
2024-10-21,194,Bike
2024-10-22,273,Rent
2024-10-22,216,Rent
2024-10-22,288,Rent
2024-10-23,278,Car
2024-10-24,121,Savings
2024-10-24,34,Rent
2024-10-24,199,Insurance
2024-10-25,208,Insurance
2024-10-25,112,Savings
2024-10-25,154,Education
2024-10-26,109,Insurance
2024-10-27,128,Rent
2024-10-28,80,Savings
2024-10-29,90,Food
2024-10-29,219,Insurance
2024-10-30,49,Car
2024-10-30,120,Bike
2024-10-30,51,Bike
2024-10-31,124,Insurance
2024-10-31,235,Car
2024-11-01,158,Food
2024-11-01,271,Car
2024-11-02,282,Savings
2024-11-03,274,Savings
2024-11-04,165,Car
2024-11-04,145,Bike
2024-11-05,265,Savings
2024-11-05,211,Bike
2024-11-05,219,Savings
2024-11-06,56,Food
2024-11-06,253,Insurance
2024-11-06,176,Education
2024-11-07,59,Bike
2024-11-07,200,Car
2024-11-08,260,Insurance
2024-11-08,295,Savings
2024-11-09,18,Insurance
2024-11-09,283,Education
2024-11-09,190,Savings
2024-11-10,143,Education
2024-11-11,19,Insurance
2024-11-11,255,Car
2024-11-12,67,Education
2024-11-13,24,Food
2024-11-14,290,Food
2024-11-14,181,Bike
2024-11-14,55,Rent
2024-11-15,244,Insurance
2024-11-16,193,Insurance
2024-11-17,55,Education
2024-11-17,163,Education
2024-11-18,128,Education
2024-11-18,88,Bike
2024-11-18,235,Rent
2024-11-19,127,Insurance
2024-11-19,108,Car
2024-11-20,173,Food
2024-11-20,225,Car
2024-11-21,285,Food
2024-11-21,65,Education
2024-11-21,145,Insurance
2024-11-22,77,Savings
2024-11-23,112,Car
2024-11-23,25,Car
2024-11-23,62,Bike
2024-11-24,98,Savings
2024-11-24,55,Savings
2024-11-25,15,Education
2024-11-25,153,Savings
2024-11-26,133,Savings
2024-11-26,46,Rent
2024-11-27,186,Bike
2024-11-27,73,Education
2024-11-27,12,Car
2024-11-28,227,Insurance
2024-11-28,274,Car
2024-11-29,72,Bike
2024-11-29,271,Savings
2024-11-29,23,Car
2024-11-30,41,Food
2024-11-30,77,Bike
2024-12-01,162,Insurance
2024-12-01,215,Insurance
2024-12-02,291,Bike
2024-12-02,95,Bike
2024-12-03,102,Rent
2024-12-03,272,Savings
2024-12-03,158,Bike
2024-12-04,136,Bike
2024-12-04,199,Bike
2024-12-05,227,Food
2024-12-06,71,Insurance
2024-12-07,293,Savings
2024-12-07,299,Car
2024-12-08,115,Bike
2024-12-08,93,Savings
2024-12-09,108,Education
2024-12-09,262,Food
2024-12-09,215,Education
2024-12-10,263,Car
2024-12-10,46,Savings
2024-12-10,24,Insurance
2024-12-11,270,Rent
2024-12-11,210,Education
2024-12-12,148,Savings
2024-12-12,286,Education
2024-12-13,62,Bike
2024-12-14,180,Insurance
2024-12-14,200,Food
2024-12-15,161,Insurance
2024-12-15,227,Rent
2024-12-16,63,Food
2024-12-17,236,Car
2024-12-18,21,Bike
2024-12-18,191,Car
2024-12-18,280,Insurance
2024-12-19,253,Savings
2024-12-19,134,Rent
2024-12-20,166,Insurance
2024-12-21,165,Savings
2024-12-22,135,Savings
2024-12-22,129,Education
2024-12-23,12,Food
2024-12-23,242,Savings
2024-12-24,288,Food
2024-12-25,101,Bike
2024-12-26,145,Insurance
2024-12-26,106,Savings
2024-12-27,228,Car
2024-12-27,122,Rent
2024-12-28,64,Insurance
2024-12-28,121,Education
2024-12-28,279,Savings
2024-12-29,113,Education
2024-12-29,152,Savings
2024-12-29,91,Education
2024-12-30,121,Food
2024-12-30,136,Bike
2024-12-31,139,Food
2024-12-31,132,Education
2024-12-31,293,Rent
2025-01-01,264,Education
2025-01-01,189,Education
2025-01-02,39,Education
2025-01-02,192,Car
2025-01-03,70,Food
2025-01-03,14,Bike
2025-01-04,69,Education
2025-01-04,161,Bike
2025-01-05,14,Insurance
2025-01-05,27,Savings
2025-01-06,200,Rent
2025-01-07,93,Education
2025-01-08,77,Car
2025-01-08,256,Education
2025-01-08,65,Rent
2025-01-09,100,Insurance
2025-01-09,223,Car
2025-01-09,65,Food
2025-01-10,95,Food
2025-01-10,104,Rent
2025-01-10,45,Car
2025-01-11,167,Education
2025-01-12,244,Savings
2025-01-13,74,Bike
2025-01-13,139,Car
2025-01-13,219,Education
2025-01-14,286,Insurance
2025-01-15,219,Food
2025-01-15,96,Rent
2025-01-16,56,Education
2025-01-16,107,Insurance
2025-01-16,125,Food
2025-01-17,189,Savings
2025-01-18,244,Insurance
2025-01-19,136,Savings
2025-01-20,189,Car
2025-01-20,253,Car
2025-01-21,166,Car
2025-01-21,205,Car
2025-01-22,259,Insurance
2025-01-22,152,Rent
2025-01-22,210,Food
2025-01-23,121,Car
2025-01-24,46,Savings
2025-01-24,207,Bike
2025-01-25,52,Insurance
2025-01-25,274,Rent
2025-01-26,248,Car
2025-01-27,129,Bike
2025-01-28,172,Education
2025-01-28,136,Education
2025-01-29,166,Education
2025-01-29,59,Insurance
2025-01-30,116,Rent
2025-01-31,115,Bike
2025-02-01,132,Food
2025-02-02,48,Insurance
2025-02-03,39,Food
2025-02-04,112,Insurance
2025-02-05,154,Car
2025-02-05,18,Rent
2025-02-06,131,Car
2025-02-06,88,Bike
2025-02-06,90,Food
2025-02-07,23,Rent
2025-02-07,92,Food
2025-02-07,84,Rent
2025-02-08,236,Savings
2025-02-08,269,Education
2025-02-09,274,Food
2025-02-09,63,Rent
2025-02-10,258,Rent
2025-02-11,90,Education
2025-02-12,138,Education
2025-02-12,128,Bike
2025-02-13,87,Bike
2025-02-13,259,Bike
2025-02-14,210,Education
2025-02-14,73,Rent
2025-02-14,147,Insurance
2025-02-15,276,Savings
2025-02-16,239,Car
2025-02-16,66,Food
2025-02-17,76,Rent
2025-02-17,121,Insurance
2025-02-17,111,Rent
2025-02-18,294,Food
2025-02-18,33,Bike
2025-02-18,117,Car
2025-02-19,17,Savings
2025-02-19,280,Car
2025-02-20,59,Rent
2025-02-20,98,Rent
2025-02-21,274,Rent
2025-02-21,272,Car
2025-02-22,25,Education
2025-02-23,21,Insurance
2025-02-24,170,Food
2025-02-24,151,Insurance
2025-02-25,168,Rent
2025-02-25,96,Food
2025-02-26,212,Rent
2025-02-26,52,Car
2025-02-27,206,Bike
2025-02-27,204,Bike
2025-02-28,12,Insurance
2025-02-28,67,Insurance
2025-02-28,216,Rent
2025-03-01,159,Car
2025-03-01,141,Education
2025-03-02,164,Insurance
2025-03-02,140,Car
2025-03-03,24,Education
2025-03-03,157,Food
2025-03-03,289,Rent
2025-03-04,126,Rent
2025-03-04,179,Car
2025-03-04,134,Savings
2025-03-05,285,Food
2025-03-05,197,Bike
2025-03-05,217,Bike
2025-03-06,87,Savings
2025-03-06,41,Savings
2025-03-07,256,Car
2025-03-08,162,Education
2025-03-09,167,Rent
2025-03-09,55,Education
2025-03-10,118,Insurance
2025-03-11,137,Education
2025-03-12,299,Insurance
2025-03-13,112,Rent
2025-03-13,230,Food
2025-03-13,39,Savings
2025-03-14,61,Rent
2025-03-14,111,Rent
2025-03-14,92,Savings
2025-03-15,95,Bike
2025-03-16,174,Food
2025-03-16,255,Car
2025-03-17,13,Bike
2025-03-17,115,Rent
2025-03-17,69,Insurance
2025-03-18,89,Bike
2025-03-19,145,Car
2025-03-20,85,Savings
2025-03-21,54,Insurance
2025-03-21,164,Car
2025-03-22,160,Education
2025-03-22,194,Insurance
2025-03-23,52,Insurance
2025-03-24,207,Insurance
2025-03-24,112,Food
2025-03-25,122,Bike
2025-03-26,80,Food
2025-03-26,136,Rent
2025-03-26,223,Education
2025-03-27,46,Rent
2025-03-28,193,Insurance
2025-03-29,119,Savings
2025-03-30,275,Bike
2025-03-31,68,Savings
2025-04-01,233,Rent
2025-04-01,169,Insurance
2025-04-02,199,Savings
2025-04-02,260,Savings
2025-04-03,24,Education
2025-04-03,296,Rent
2025-04-04,199,Education
2025-04-04,15,Rent
2025-04-05,295,Bike
2025-04-05,211,Insurance
2025-04-06,47,Savings
2025-04-06,217,Education
2025-04-07,70,Bike
2025-04-07,36,Insurance
2025-04-08,136,Food
2025-04-08,224,Savings
2025-04-08,104,Rent
2025-04-09,279,Insurance
2025-04-10,38,Car
2025-04-10,53,Savings
2025-04-10,77,Car
2025-04-11,69,Food
2025-04-12,245,Rent
2025-04-12,31,Food
2025-04-13,230,Savings
2025-04-13,213,Food
2025-04-14,201,Food
2025-04-15,132,Savings
2025-04-16,85,Education
2025-04-16,124,Bike
2025-04-17,23,Insurance
2025-04-18,27,Rent
2025-04-19,292,Savings
2025-04-19,125,Rent
2025-04-20,174,Savings
2025-04-20,262,Education
2025-04-21,212,Insurance
2025-04-22,109,Education
2025-04-22,264,Insurance
2025-04-23,244,Savings
2025-04-23,129,Bike
2025-04-24,205,Education
2025-04-24,176,Car
2025-04-25,299,Bike
2025-04-26,157,Rent
2025-04-27,21,Education
2025-04-27,263,Rent
2025-04-28,282,Food
2025-04-28,186,Rent
2025-04-28,221,Bike
2025-04-29,216,Bike
2025-04-29,65,Insurance
2025-04-30,110,Bike
2025-04-30,93,Rent
2025-04-30,162,Savings
2025-05-01,165,Bike
2025-05-01,70,Savings
2025-05-02,81,Food
2025-05-03,149,Food
2025-05-03,133,Savings
2025-05-03,108,Food
2025-05-04,56,Car
2025-05-04,24,Insurance
2025-05-04,236,Food
2025-05-05,160,Rent
2025-05-06,259,Insurance
2025-05-06,164,Food
2025-05-07,281,Savings
2025-05-07,48,Education
2025-05-07,256,Car
2025-05-08,12,Food
2025-05-08,114,Education
2025-05-08,225,Bike
2025-05-09,136,Rent
2025-05-09,141,Food
2025-05-09,265,Savings
2025-05-10,111,Food
2025-05-11,222,Bike
2025-05-11,245,Insurance
2025-05-12,94,Savings
2025-05-12,125,Food
2025-05-12,38,Bike
2025-05-13,283,Insurance
2025-05-14,261,Insurance
2025-05-14,10,Car
2025-05-15,146,Rent
2025-05-16,280,Education
2025-05-16,17,Insurance
2025-05-17,134,Car
2025-05-17,54,Food
2025-05-17,144,Insurance
2025-05-18,293,Insurance
2025-05-18,175,Rent
2025-05-19,201,Savings
2025-05-19,71,Food
2025-05-19,243,Car
2025-05-20,159,Bike
2025-05-20,85,Rent
2025-05-21,156,Bike
2025-05-22,52,Rent
2025-05-23,90,Savings
2025-05-23,247,Bike
2025-05-23,213,Insurance
2025-05-24,130,Education
2025-05-24,108,Bike
2025-05-24,272,Education
2025-05-25,284,Education
2025-05-26,13,Savings
2025-05-27,79,Savings
2025-05-27,213,Bike
2025-05-27,241,Education
2025-05-28,147,Savings
2025-05-29,274,Bike
2025-05-29,93,Bike
2025-05-29,178,Rent
2025-05-30,34,Car
2025-05-30,88,Food
2025-05-30,238,Food
2025-05-31,256,Food
2025-05-31,143,Education
2025-05-31,47,Bike
2025-06-01,71,Food
2025-06-01,86,Savings
2025-06-01,246,Education
2025-06-02,110,Rent
2025-06-03,272,Bike
2025-06-04,163,Insurance
2025-06-04,246,Food
2025-06-04,43,Car
2025-06-05,70,Bike
2025-06-05,207,Rent
2025-06-05,74,Bike
2025-06-06,174,Rent
2025-06-06,133,Car
2025-06-07,245,Education
2025-06-07,54,Bike
2025-06-08,67,Rent
2025-06-08,116,Rent
2025-06-08,283,Car
2025-06-09,275,Food
2025-06-09,55,Savings
2025-06-09,204,Education
2025-06-10,241,Bike
2025-06-11,134,Bike
2025-06-12,116,Bike
2025-06-13,147,Savings
2025-06-13,160,Rent
2025-06-13,160,Education
2025-06-14,82,Rent
2025-06-15,76,Food
2025-06-16,58,Bike
2025-06-17,131,Insurance
2025-06-17,234,Food
2025-06-18,132,Food
2025-06-18,174,Savings
2025-06-19,221,Car
2025-06-19,141,Bike
2025-06-20,116,Bike
2025-06-20,88,Bike
2025-06-20,25,Rent
2025-06-21,127,Savings
2025-06-21,129,Bike
2025-06-21,244,Bike
2025-06-22,112,Education
2025-06-22,132,Savings
2025-06-23,204,Car
2025-06-23,23,Car
2025-06-23,79,Education
2025-06-24,203,Car
2025-06-25,41,Savings
2025-06-25,115,Car
2025-06-26,185,Rent
2025-06-26,196,Savings
2025-06-26,218,Savings
2025-06-27,10,Car
2025-06-27,251,Rent
2025-06-27,52,Food
2025-06-28,147,Rent
2025-06-29,270,Bike
2025-06-29,97,Food
2025-06-29,60,Savings
2025-06-30,24,Rent
2025-06-30,250,Car
2025-07-01,177,Education
2025-07-01,138,Car
2025-07-02,134,Bike
2025-07-03,14,Bike
2025-07-04,283,Insurance
2025-07-05,82,Rent
2025-07-06,25,Bike
2025-07-07,212,Rent
2025-07-07,214,Rent
2025-07-08,157,Food
2025-07-08,188,Education
2025-07-09,150,Education
2025-07-09,231,Car
2025-07-09,129,Car
2025-07-10,104,Insurance
2025-07-10,32,Rent
2025-07-10,186,Car
2025-07-11,18,Savings
2025-07-11,286,Food
2025-07-12,178,Car
2025-07-12,258,Savings
2025-07-12,53,Insurance
2025-07-13,279,Savings
2025-07-13,29,Insurance
2025-07-13,284,Education
2025-07-14,84,Bike
2025-07-14,244,Savings
2025-07-14,173,Savings
2025-07-15,156,Education
2025-07-16,294,Bike
2025-07-16,140,Bike
2025-07-16,297,Education
2025-07-17,66,Rent
2025-07-17,104,Car
2025-07-18,191,Savings
2025-07-18,141,Education
2025-07-19,25,Insurance
2025-07-19,184,Food
2025-07-19,219,Education
2025-07-20,269,Education
2025-07-21,13,Food
2025-07-21,97,Bike
2025-07-22,21,Food
2025-07-22,166,Education
2025-07-22,21,Bike
2025-07-23,45,Bike
2025-07-23,65,Bike
2025-07-24,43,Education
2025-07-24,68,Food
2025-07-24,116,Car
2025-07-25,93,Insurance
2025-07-25,19,Rent
2025-07-25,130,Insurance
2025-07-26,113,Car
2025-07-26,104,Food
2025-07-26,31,Bike
2025-07-27,250,Education
2025-07-28,155,Rent
2025-07-28,139,Education
2025-07-29,252,Car
2025-07-29,175,Savings
2025-07-30,298,Insurance
2025-07-30,42,Rent
2025-07-30,292,Food
2025-07-31,96,Food
2025-07-31,198,Bike
2025-07-31,115,Savings
2025-08-01,106,Savings
2025-08-01,153,Car
2025-08-01,116,Food
2025-08-02,49,Car
2025-08-03,95,Car
2025-08-03,20,Bike
2025-08-03,64,Education
2025-08-04,142,Car
2025-08-04,38,Food
2025-08-05,245,Bike
2025-08-05,268,Bike
2025-08-05,182,Insurance
2025-08-06,36,Car
2025-08-07,297,Food
2025-08-07,134,Car
2025-08-07,41,Car
2025-08-08,238,Insurance
2025-08-08,25,Food
2025-08-09,99,Education
2025-08-09,282,Car
2025-08-10,191,Savings
2025-08-10,63,Rent
2025-08-10,38,Education
2025-08-11,55,Food
2025-08-11,54,Bike
2025-08-12,24,Rent
2025-08-12,125,Bike
2025-08-12,73,Rent
2025-08-13,205,Insurance
2025-08-13,47,Rent
2025-08-14,167,Food
2025-08-14,155,Education
2025-08-14,128,Insurance
2025-08-15,119,Savings
2025-08-15,208,Insurance
2025-08-15,249,Education
2025-08-16,16,Savings
2025-08-17,54,Education
2025-08-17,60,Savings
2025-08-18,217,Insurance
2025-08-18,144,Education
2025-08-18,94,Food
2025-08-19,130,Rent
2025-08-20,170,Food
2025-08-20,239,Car
2025-08-21,199,Car
2025-08-22,172,Food
2025-08-23,260,Car
2025-08-23,243,Food
2025-08-23,21,Food
2025-08-24,288,Education
2025-08-24,77,Car
2025-08-24,122,Car
2025-08-25,43,Savings
2025-08-26,224,Insurance
2025-08-27,27,Bike
2025-08-28,61,Savings
2025-08-29,207,Savings
2025-08-29,218,Insurance
2025-08-29,168,Bike
2025-08-30,176,Savings
2025-08-30,206,Savings
2025-08-31,297,Bike
2025-09-01,125,Bike
2025-09-02,199,Food
2025-09-03,172,Bike
2025-09-03,277,Rent
2025-09-03,69,Car
2025-09-04,10,Bike
2025-09-04,104,Rent
2025-09-04,199,Bike
2025-09-05,146,Insurance
2025-09-06,154,Food
2025-09-06,117,Bike
2025-09-07,154,Savings
2025-09-08,19,Bike
2025-09-08,262,Car
2025-09-09,189,Food
2025-09-09,11,Food
2025-09-09,40,Rent
2025-09-10,126,Car
2025-09-10,10,Rent
2025-09-10,31,Education
2025-09-11,38,Car
2025-09-11,154,Education
2025-09-12,90,Bike
2025-09-13,73,Car
2025-09-13,92,Food
2025-09-13,62,Savings
2025-09-14,217,Savings
2025-09-15,212,Savings
2025-09-15,81,Education
2025-09-16,79,Insurance
2025-09-16,11,Car
2025-09-16,84,Food
2025-09-17,148,Rent
2025-09-17,258,Education
2025-09-18,156,Bike
2025-09-19,251,Food
2025-09-19,106,Bike
2025-09-19,223,Education
2025-09-20,207,Rent
2025-09-20,242,Car
2025-09-20,178,Education
2025-09-21,204,Education
2025-09-22,176,Food
2025-09-22,63,Education
2025-09-23,266,Education
2025-09-24,121,Education
2025-09-24,197,Education
2025-09-25,97,Insurance
2025-09-26,262,Rent
2025-09-26,160,Education
2025-09-27,71,Car
2025-09-27,55,Bike
2025-09-28,215,Bike
2025-09-29,30,Savings
2025-09-29,64,Insurance
2025-09-29,118,Savings
2025-09-30,54,Car
2025-09-30,72,Rent
2025-09-30,177,Savings
2025-10-01,300,Food
2025-10-01,167,Car
2025-10-01,162,Rent
2025-10-02,280,Rent
2025-10-02,170,Food
2025-10-03,203,Car
2025-10-03,100,Car
2025-10-03,279,Food
2025-10-04,224,Savings
2025-10-04,296,Food
2025-10-05,128,Bike
2025-10-05,212,Food
2025-10-05,21,Savings
2025-10-06,267,Insurance
2025-10-06,95,Savings
2025-10-07,65,Bike
2025-10-07,172,Car
2025-10-08,104,Education
2025-10-08,278,Savings
2025-10-08,230,Education
2025-10-09,97,Insurance
2025-10-09,116,Food
2025-10-09,240,Bike
2025-10-10,251,Education
2025-10-10,252,Rent
2025-10-11,260,Education
2025-10-12,189,Insurance
2025-10-12,204,Food
2025-10-12,11,Insurance
2025-10-13,139,Education
2025-10-13,156,Rent
2025-10-14,42,Bike
2025-10-14,250,Insurance
2025-10-15,99,Education
2025-10-15,161,Food
2025-10-16,75,Education
2025-10-16,177,Education
2025-10-16,299,Education
2025-10-17,171,Food
2025-10-18,41,Rent
2025-10-18,23,Insurance
2025-10-18,91,Food
2025-10-19,272,Rent
2025-10-20,117,Rent
2025-10-20,268,Insurance
2025-10-21,115,Education
2025-10-21,210,Car
2025-10-22,45,Rent
2025-10-22,293,Food
2025-10-22,91,Bike
2025-10-23,211,Education
2025-10-23,251,Bike
2025-10-23,66,Rent
2025-10-24,121,Food
2025-10-24,265,Savings
2025-10-24,243,Rent
2025-10-25,286,Rent
2025-10-26,178,Education
2025-10-27,77,Rent
2025-10-27,115,Car
2025-10-28,142,Food
2025-10-28,289,Rent
2025-10-28,243,Rent
2025-10-29,84,Insurance
2025-10-29,60,Bike
2025-10-30,175,Education
2025-10-30,245,Bike
2025-10-30,232,Savings
2025-10-31,112,Insurance
2025-10-31,50,Food
2025-10-31,196,Food
2025-11-01,239,Rent
2025-11-01,63,Food
2025-11-01,169,Education
2025-11-02,17,Rent
2025-11-02,107,Savings
2025-11-02,58,Car
2025-11-03,206,Food
2025-11-03,134,Food
2025-11-03,34,Car
2025-11-04,274,Bike
2025-11-04,285,Education
2025-11-05,32,Food
2025-11-06,172,Bike
2025-11-06,104,Food
2025-11-07,168,Bike
2025-11-08,51,Savings
2025-11-08,204,Car
2025-11-08,60,Rent
2025-11-09,163,Food
2025-11-10,92,Bike
2025-11-10,223,Bike
2025-11-10,275,Savings
2025-11-11,191,Car
2025-11-12,279,Food
2025-11-13,16,Insurance
2025-11-13,144,Savings
2025-11-14,242,Car
2025-11-15,225,Car
2025-11-15,119,Insurance
2025-11-15,131,Bike
2025-11-16,82,Savings
2025-11-16,57,Education
2025-11-17,69,Bike
2025-11-17,72,Food
2025-11-17,107,Education
2025-11-18,211,Food
2025-11-18,258,Education
2025-11-18,81,Food
2025-11-19,50,Food
2025-11-19,240,Bike
2025-11-19,273,Food
2025-11-20,58,Insurance
2025-11-21,94,Education
2025-11-21,41,Food
2025-11-21,156,Rent
2025-11-22,12,Car
2025-11-22,98,Food
2025-11-22,235,Savings
2025-11-23,178,Insurance
2025-11-24,209,Bike
2025-11-25,62,Rent
2025-11-26,289,Bike
2025-11-26,138,Food
2025-11-27,23,Rent
2025-11-27,154,Savings
2025-11-27,43,Education
2025-11-28,112,Food
2025-11-28,128,Car
2025-11-29,253,Insurance
2025-11-29,237,Education
2025-11-30,272,Education
2025-11-30,65,Rent
2025-12-01,126,Education
2025-12-02,139,Education
2025-12-02,216,Bike
2025-12-02,73,Rent
2025-12-03,261,Savings
2025-12-03,287,Rent
2025-12-04,90,Education
2025-12-04,198,Rent
2025-12-04,174,Savings
2025-12-05,269,Rent
2025-12-05,184,Savings
2025-12-05,201,Rent
2025-12-06,17,Insurance
2025-12-07,163,Bike
2025-12-07,226,Education
2025-12-07,41,Insurance
2025-12-08,78,Rent
2025-12-08,205,Insurance
2025-12-08,232,Savings
2025-12-09,123,Savings
2025-12-10,170,Food
2025-12-11,220,Bike
2025-12-11,272,Bike
2025-12-11,158,Food
2025-12-12,285,Car
2025-12-12,44,Education
2025-12-12,63,Food
2025-12-13,50,Food
2025-12-13,199,Car
2025-12-13,295,Bike
2025-12-14,250,Insurance
2025-12-15,261,Car
2025-12-15,261,Bike
2025-12-16,248,Car
2025-12-16,44,Car
2025-12-16,298,Savings
2025-12-17,275,Savings
2025-12-17,247,Education
2025-12-18,40,Rent
2025-12-19,114,Bike
2025-12-20,110,Education
2025-12-20,241,Bike
2025-12-20,171,Savings
2025-12-21,37,Car
2025-12-21,129,Bike
2025-12-21,33,Rent
2025-12-22,251,Bike
2025-12-22,193,Bike
2025-12-22,82,Food
2025-12-23,146,Savings
2025-12-24,120,Food
2025-12-24,132,Education
2025-12-24,217,Bike
2025-12-25,135,Rent
2025-12-25,219,Education
2025-12-26,260,Bike
2025-12-27,40,Rent
2025-12-27,176,Savings
2025-12-27,179,Food
2025-12-28,278,Food
2025-12-29,110,Rent
2025-12-30,181,Bike
2025-12-30,234,Rent
2025-12-30,217,Savings
2025-12-31,42,Bike
